CODINST,CODIGODANE_SEDE,NOMBREINSTITUCION,CODIGOMUNICIPIO,NOMBREMUNICIPIO,DEPARTAMENTO,CALENDARIO,NATURALEZA,JORNADA,EVALUADO,PROMLECTURACRITICA,PROMMATEMATICA,PROMSOCIALESYCIUDADANAS,PROMCIENCIASNATURALES,PROMINGLES,DESVLECTURACRITICA,DESVMATEMATICA,DESVSOCIALESYCIUDADANAS,DESVCIENCIASNATURALES,DESVINGLES,PERIODO
16477,173563000017,I.E. LUIS FELIPE PINTO - SEDE PRINCIPAL,73563,PRADO,TOLIMA,A,OFICIAL,MAÑANA,77,50,50,45,51,45,9,12,11,10,9,20243
87288,273671000320,I.E. PAPAGALA - SEDE PRINCIPAL,73671,SALDAÑA,TOLIMA,A,OFICIAL,MAÑANA,5,43,36,41,41,39,16,21,16,9,10,20243
65409,373168003022,LICEO PEDAGOGICO DE LA DIVINA MISERICORDIA (INSTITUTO EUTIQUIO LEAL),73168,CHAPARRAL,TOLIMA,A,NO OFICIAL,MAÑANA,2,51,44,46,46,51,13,19,10,7,6,20243
26948,273411002043,I.E. INMACULADA CONCEPCION - SEDE PRINCIPAL,73411,LÍBANO,TOLIMA,A,OFICIAL,MAÑANA,28,48,49,41,49,46,7,9,8,7,6,20243
50211,373449000685,GIMNASIO MILITAR FUERZA AEREA COLOMBIANA TC. LUIS F. PINTO - SEDE PRINCIPAL,73449,MELGAR,TOLIMA,A,OFICIAL,MAÑANA,10,62,65,54,59,70,6,6,11,7,12,20243
101626,373001006810,COL COOP  LOS ANDES,73001,IBAGUÉ,TOLIMA,A,NO OFICIAL,FIN DE SEMANA,39,50,46,44,46,46,8,9,12,9,10,20243
163410,373001012836,COLEGIO SAN LORENZO GIUSTINIANI - SEDE PRINCIPAL,73001,IBAGUÉ,TOLIMA,A,NO OFICIAL,MAÑANA,32,56,51,50,49,53,9,10,9,9,13,20243
163444,373001012836,COLEGIO SAN LORENZO GIUSTINIANI - SEDE PRINCIPAL,73001,IBAGUÉ,TOLIMA,A,NO OFICIAL,FIN DE SEMANA,6,57,54,47,52,50,6,7,10,9,10,20243
121350,173001002327,SEDE 1 JOSE ANTONIO RICAURTE,73001,IBAGUÉ,TOLIMA,A,OFICIAL,MAÑANA,105,53,52,47,50,49,9,12,11,10,11,20243
47944,173001001088,SEDE 01 LA SAGRADA FAMILIA,73001,IBAGUÉ,TOLIMA,A,OFICIAL,NOCTURNA,5,46,51,38,43,46,8,9,8,5,9,20243
93096,273861000571,I.E. TERESA CAMACHO DE SUAREZ - SEDE PRINCIPAL,73861,VENADILLO,TOLIMA,A,OFICIAL,MAÑANA,17,53,50,48,51,47,8,8,9,8,8,20243
30106,173001000341,SEDE 1 EXALUMNAS DE LA PRESENTACION,73001,IBAGUÉ,TOLIMA,A,OFICIAL,MAÑANA,86,61,60,56,58,62,9,11,12,9,11,20243
93070,273352000601,I.E.T. PANAMERICANA SAT BOQUERON - SEDE PRINCIPAL,73352,ICONONZO,TOLIMA,A,OFICIAL,MAÑANA,11,49,49,45,46,47,10,12,13,12,10,20243
156919,273352000651,I.E. EL TRIUNFO - SEDE PRINCIPAL,73352,ICONONZO,TOLIMA,A,OFICIAL,MAÑANA,5,44,50,43,49,41,6,11,8,9,4,20243
141929,273411000563,I.E. SAN FERNANDO - SEDE PRINCIPAL,73411,LÍBANO,TOLIMA,A,OFICIAL,MAÑANA,15,47,46,42,45,43,10,11,9,7,6,20243
15768,373001000170,COL FRANCISCO JIMENEZ DE CISNEROS,73001,IBAGUÉ,TOLIMA,A,NO OFICIAL,MAÑANA,83,67,70,63,63,72,8,10,11,9,12,20243
15909,373001000196,COL CHAMPAGNAT,73001,IBAGUÉ,TOLIMA,A,NO OFICIAL,COMPLETA,114,64,64,61,63,69,8,11,11,9,12,20243
98103,273861000253,I.E. OTONIEL GUZMAN - SEDE PRINCIPAL,73861,VENADILLO,TOLIMA,A,OFICIAL,MAÑANA,12,46,49,41,44,42,13,10,12,9,15,20243
109827,373001001931,COL SINTRAFEC HERNAN SILVA PEREZ,73001,IBAGUÉ,TOLIMA,A,NO OFICIAL,MAÑANA,21,58,53,53,51,58,10,11,12,8,13,20243
119875,173001008821,SEDE 1 FE Y ALEGRIA,73001,IBAGUÉ,TOLIMA,A,OFICIAL,NOCTURNA,6,48,45,42,47,47,8,6,8,8,10,20243
173906,173001001088,SEDE 01 LA SAGRADA FAMILIA,73001,IBAGUÉ,TOLIMA,A,OFICIAL,FIN DE SEMANA,18,48,42,41,42,42,6,7,6,6,9,20243
174599,173001011679,SEDE 1 JOAQUIN PARIS,73001,IBAGUÉ,TOLIMA,A,OFICIAL,FIN DE SEMANA,50,48,44,41,42,44,9,12,9,9,12,20243
117663,373001011899,COL. INGLES SURAMERICANO,73001,IBAGUÉ,TOLIMA,A,NO OFICIAL,MAÑANA,18,60,57,55,55,63,7,8,11,9,10,20243
123836,173001003048,SAN ISIDRO,73001,IBAGUÉ,TOLIMA,A,OFICIAL,MAÑANA,46,54,55,48,52,50,10,11,12,10,11,20243
104190,173001008741,SEDE 1 ALBERTO CASTILLA,73001,IBAGUÉ,TOLIMA,A,OFICIAL,TARDE,45,54,54,48,50,52,7,11,8,8,9,20243
264200,173411000097,I.E.T. ISIDRO PARRA - SEDE PRINCIPAL,73411,LÍBANO,TOLIMA,A,OFICIAL,ÚNICA,37,53,50,48,49,47,9,10,9,8,7,20243
701110,373443001281,GIMNASIO BETH-SHARON,73443,SAN SEBASTIÁN DE MARIQUITA,TOLIMA,A,NO OFICIAL,MAÑANA,4,63,61,67,62,69,11,11,7,7,5,20243
541540,273168002846,POTRERITO DE LUGO BAJO,73168,CHAPARRAL,TOLIMA,A,OFICIAL,MAÑANA,14,43,40,37,42,42,9,11,7,7,6,20243
543256,273268001201,COL SAN FRANCISCO DE ASIS,73268,ESPINAL,TOLIMA,A,OFICIAL,MAÑANA,10,44,42,38,42,45,9,10,6,7,4,20243
627851,373408000476,COL AMERICANO,73408,LÉRIDA,TOLIMA,A,NO OFICIAL,TARDE,13,50,52,45,48,52,9,9,8,8,12,20243
659136,273504002183,I.E. SAMARIA - SEDE PRINCIPAL,73504,ORTEGA,TOLIMA,A,OFICIAL,MAÑANA,29,48,43,42,43,44,9,10,11,8,6,20243
541490,273168002757,LA BEGONIA,73168,CHAPARRAL,TOLIMA,A,OFICIAL,MAÑANA,2,50,54,44,58,36,1,1,6,6,12,20243
542233,273217000340,AMAYARCO,73217,COYAIMA,TOLIMA,A,OFICIAL,MAÑANA,19,40,35,34,37,36,7,9,6,4,5,20243
670513,173870000521,I.E.T. FRANCISCO JOSE DE CALDAS - SEDE PRINCIPAL,73870,VILLAHERMOSA,TOLIMA,A,OFICIAL,ÚNICA,30,53,58,49,52,53,10,12,12,10,11,20243
263210,173148000010,I.E.T PEDRO PABON PARGA - SEDE PRINCIPAL,73148,CARMEN DE APICALÁ,TOLIMA,A,OFICIAL,ÚNICA,97,48,45,41,43,45,8,9,9,8,8,20243
263830,173283000038,I.E.T. SAN JOSE - SEDE PRINCIPAL,73283,FRESNO,TOLIMA,A,OFICIAL,ÚNICA,68,57,57,51,52,51,7,10,10,9,8,20243
627570,373148000272,COLEGIO MAYOR DEL CASTILLO II - SEDE PRINCIPAL,73148,CARMEN DE APICALÁ,TOLIMA,A,NO OFICIAL,MAÑANA,17,55,49,51,46,57,7,9,10,9,11,20243
735423,173001005296,SEDE 1 LUIS CARLOS GALAN SARMIENTO,73001,IBAGUÉ,TOLIMA,A,OFICIAL,ÚNICA,38,53,50,45,47,47,8,11,9,8,8,20243
738435,273678000198,I.E. CARACOLI - SEDE PRINCIPAL,73678,SAN LUIS,TOLIMA,A,OFICIAL,ÚNICA,19,50,49,45,48,47,13,13,9,11,7,20243
785352,273067000214,MESA DE POLE,73067,ATACO,TOLIMA,A,OFICIAL,ÚNICA,1,52,53,48,52,64,0,0,0,0,0,20243
739805,173873000041,I.E.T. FRANCISCO PINEDA LOPEZ - SEDE PRINCIPAL,73873,VILLARRICA,TOLIMA,A,OFICIAL,ÚNICA,14,48,51,41,46,41,10,11,8,9,7,20243
740399,273168000193,SAN PABLO HERMOSAS,73168,CHAPARRAL,TOLIMA,A,OFICIAL,ÚNICA,7,48,43,43,46,47,7,6,9,5,5,20243
725234,173268000218,I.E.T. NUESTRA SEÑORA DE FATIMA - SEDE PRINCIPAL,73268,ESPINAL,TOLIMA,A,OFICIAL,ÚNICA,23,51,51,45,48,52,9,13,12,8,9,20243
725556,173319000099,I.E.T. INDUSTRIAL SIMON BOLIVAR - SEDE PRINCIPAL,73319,GUAMO,TOLIMA,A,OFICIAL,ÚNICA,125,49,45,43,44,44,10,12,11,9,9,20243
740647,173411001000,I.E.T. JORGE ELIECER GAITAN AYALA - SEDE PRINCIPAL,73411,LÍBANO,TOLIMA,A,OFICIAL,ÚNICA,68,53,54,49,49,49,10,11,11,10,9,20243
725291,173555000016,I.E.T. PABLO SEXTO - SEDE PRINCIPAL,73555,PLANADAS,TOLIMA,A,OFICIAL,ÚNICA,58,49,49,45,46,42,10,11,10,8,8,20243
741785,173200000368,I.E.T. SIMON BOLIVAR - SEDE PRINCIPAL,73200,COELLO,TOLIMA,A,OFICIAL,ÚNICA,13,49,44,45,44,42,7,5,11,7,9,20243
718866,173168000121,I.E.T. SOLEDAD MEDINA - SEDE PRINCIPAL,73168,CHAPARRAL,TOLIMA,A,OFICIAL,NOCTURNA,25,49,43,42,44,43,8,9,8,6,6,20243
740696,173443000871,TIERRA LIBRE,73443,SAN SEBASTIÁN DE MARIQUITA,TOLIMA,A,OFICIAL,ÚNICA,9,50,45,43,45,43,8,12,9,6,10,20243
738781,273026000099,I.E. LA TIGRERA - SEDE PRINCIPAL,73026,ALVARADO,TOLIMA,A,OFICIAL,ÚNICA,9,50,50,49,50,45,8,11,7,6,8,20243
743021,273504002183,I.E. SAMARIA - SEDE PRINCIPAL,73504,ORTEGA,TOLIMA,A,OFICIAL,FIN DE SEMANA,14,42,42,38,40,41,7,10,9,6,6,20243
780056,373483800003,LICEO LA PAZ - SEDE PRINCIPAL,73483,NATAGAIMA,TOLIMA,A,NO OFICIAL,FIN DE SEMANA,27,46,42,38,41,41,10,9,9,7,9,20243
741629,173686000020,I.E.T. SANTA ISABEL - SEDE PRINCIPAL,73686,SANTA ISABEL,TOLIMA,A,OFICIAL,ÚNICA,16,57,59,54,55,51,10,11,12,11,11,20243
741835,273043000787,I.E.T. AGROPECURIA JUAN CARLOS BARRAGAN TRONCOSO - SEDE PRINCIPAL,73043,ANZOÁTEGUI,TOLIMA,A,OFICIAL,ÚNICA,30,53,49,46,51,47,7,7,9,7,7,20243
745133,173001008821,SEDE 1 FE Y ALEGRIA,73001,IBAGUÉ,TOLIMA,A,OFICIAL,ÚNICA,59,55,54,48,51,53,10,11,12,10,10,20243
736124,173504000011,I.E.T. NICOLAS RAMIREZ - SEDE PRINCIPAL,73504,ORTEGA,TOLIMA,A,OFICIAL,ÚNICA,97,49,45,44,44,45,10,10,10,9,9,20243
742684,273001001716,SEDE 1 LAURELES,73001,IBAGUÉ,TOLIMA,A,OFICIAL,ÚNICA,5,45,47,43,47,48,7,5,7,8,9,20243
740357,173408000663,I.E.T. COLOMBO ALEMAN SCALAS - SEDE PRINCIPAL,73408,LÉRIDA,TOLIMA,A,OFICIAL,ÚNICA,46,57,57,50,50,53,8,11,12,10,10,20243
740860,273616000302,I.E. QUEBRADON - SEDE PRINCIPAL,73616,RIOBLANCO,TOLIMA,A,OFICIAL,ÚNICA,6,50,46,46,45,43,8,8,7,8,10,20243
743815,173148000010,I.E.T PEDRO PABON PARGA - SEDE PRINCIPAL,73148,CARMEN DE APICALÁ,TOLIMA,A,OFICIAL,NOCTURNA,1,65,66,62,61,54,0,0,0,0,0,20243
741157,273236000041,I.E. SAN PEDRO - SEDE PRINCIPAL,73236,DOLORES,TOLIMA,A,OFICIAL,ÚNICA,14,52,52,45,51,50,10,15,13,13,9,20243
750067,173275000118,I.E. MANUELA OMAÑA - SEDE PRINCIPAL,73275,FLANDES,TOLIMA,A,OFICIAL,NOCTURNA,21,42,37,34,38,35,9,9,6,6,7,20243
725598,173001001053,SEDE 1  INEM MANUEL MURILLO TORO,73001,IBAGUÉ,TOLIMA,A,OFICIAL,ÚNICA,162,57,56,51,53,54,9,11,10,9,11,20243
745208,173001004788,EL JARDIN,73001,IBAGUÉ,TOLIMA,A,OFICIAL,ÚNICA,54,54,49,47,46,50,7,8,9,8,8,20243
812545,273347000384,I.E. JUAN XXIII - SEDE PRINCIPAL,73347,HERVEO,TOLIMA,A,OFICIAL,MAÑANA,28,56,53,51,51,51,9,9,9,8,9,20243
16071,173168000105,I.E. NUESTRA SEÑORA DEL ROSARIO - SEDE PRINCIPAL,73168,CHAPARRAL,TOLIMA,A,OFICIAL,MAÑANA,61,53,54,50,51,52,8,9,10,8,8,20243
139469,273168000908,I.E. SIMON BOLIVAR - SEDE PRINCIPAL,73168,CHAPARRAL,TOLIMA,A,OFICIAL,MAÑANA,25,49,47,40,45,42,9,10,9,8,7,20243
45609,173001006896,GUILLERMO ANGULO GOMEZ - SEDE PRINCIPAL,73001,IBAGUÉ,TOLIMA,A,OFICIAL,MAÑANA,67,52,50,47,47,49,9,12,12,9,11,20243
55376,173001007621,SEDE 1 FRANCISCO DE PAULA SANTANDER,73001,IBAGUÉ,TOLIMA,A,OFICIAL,NOCTURNA,33,46,43,41,42,44,9,12,9,9,9,20243
65300,173001008741,SEDE 1 ALBERTO CASTILLA,73001,IBAGUÉ,TOLIMA,A,OFICIAL,MAÑANA,52,52,53,47,50,50,8,10,11,7,11,20243
133421,273168002277,I.E. LA RISALDA - SEDE PRINCIPAL,73168,CHAPARRAL,TOLIMA,A,OFICIAL,MAÑANA,13,47,44,42,45,46,8,15,10,10,13,20243
16329,173408000019,I.E.T. ARTURO MEJIA JARAMILLO - SEDE PRINCIPAL,73408,LÉRIDA,TOLIMA,A,OFICIAL,MAÑANA,60,51,47,45,45,47,8,10,10,9,8,20243
52795,173408000019,I.E.T. ARTURO MEJIA JARAMILLO - SEDE PRINCIPAL,73408,LÉRIDA,TOLIMA,A,OFICIAL,NOCTURNA,18,45,45,40,42,43,10,13,10,9,11,20243
57646,173563000017,I.E. LUIS FELIPE PINTO - SEDE PRINCIPAL,73563,PRADO,TOLIMA,A,OFICIAL,NOCTURNA,6,46,39,42,45,40,13,13,9,8,12,20243
30023,173678000037,I.E. SAN LUIS GONZAGA - SEDE PRINCIPAL,73678,SAN LUIS,TOLIMA,A,OFICIAL,MAÑANA,50,51,50,45,48,46,10,12,11,9,10,20243
16048,173168003538,I.E. MANUEL MURILLO TORO - SEDE PRINCIPAL,73168,CHAPARRAL,TOLIMA,A,OFICIAL,MAÑANA,60,55,55,49,54,49,8,9,10,8,9,20243
104943,373349000696,CORP DE EDUC DEL NORTE  DEL TOLIMA COL TEC  BILINGUE,73349,HONDA,TOLIMA,A,NO OFICIAL,COMPLETA,16,60,60,56,56,65,10,9,10,11,9,20243
140947,273443000506,I.E. LAS CAMELIAS - SEDE PRINCIPAL,73443,SAN SEBASTIÁN DE MARIQUITA,TOLIMA,A,OFICIAL,MAÑANA,15,54,50,49,52,50,9,13,11,8,9,20243
164129,373283001521,INSTITUTO SAN FERNANDO FERRINI,73283,FRESNO,TOLIMA,A,NO OFICIAL,FIN DE SEMANA,46,48,44,42,43,46,7,9,9,8,12,20243
137422,373001009720,GIMNASIO LOS ROBLES,73001,IBAGUÉ,TOLIMA,A,NO OFICIAL,COMPLETA,19,65,64,60,62,70,9,8,10,8,9,20243
125260,173001002203,INSTITUCION EDUCATIVA NELSY GARCIA OCAMPO - SEDE PRINCIPAL,73001,IBAGUÉ,TOLIMA,A,OFICIAL,MAÑANA,21,53,53,50,51,50,10,8,11,9,8,20243
132555,273854000311,BUENAVISTA ALTA,73854,VALLE DE SAN JUAN,TOLIMA,A,OFICIAL,MAÑANA,11,50,48,48,47,45,9,10,9,6,8,20243
15677,173001000308,SEDE 1  SAN SIMON,73001,IBAGUÉ,TOLIMA,A,OFICIAL,TARDE,147,56,55,52,53,55,8,10,10,9,10,20243
15685,173001000308,SEDE 1  SAN SIMON,73001,IBAGUÉ,TOLIMA,A,OFICIAL,NOCTURNA,8,49,46,47,48,45,8,9,4,7,8,20243
126748,173001010443,SEDE 1 MAXIMILIANO NEIRA LAMUS,73001,IBAGUÉ,TOLIMA,A,OFICIAL,MAÑANA,4,50,45,39,41,43,3,4,11,2,4,20243
98145,173001010851,ALFONSO PALACIO RUDAS,73001,IBAGUÉ,TOLIMA,A,OFICIAL,MAÑANA,58,53,52,46,49,51,10,11,11,9,9,20243
155077,273624000541,I.E. RIOMANSO - SEDE PRINCIPAL,73624,ROVIRA,TOLIMA,A,OFICIAL,MAÑANA,8,45,47,43,44,42,8,9,11,8,5,20243
109272,273408000137,I.E. SAN FRANCISCO DE LA SIERRA - SEDE PRINCIPAL,73408,LÉRIDA,TOLIMA,A,OFICIAL,MAÑANA,25,49,48,43,47,46,10,13,12,9,11,20243
123711,273504000415,I.E. PUENTE CUCUANA - SEDE PRINCIPAL,73504,ORTEGA,TOLIMA,A,OFICIAL,MAÑANA,11,49,44,42,44,43,8,11,12,8,9,20243
112581,373275000478,I.E. NUESTRA SEÑORA DEL ROSARIO DE FATIMA - SEDE PRINCIPAL,73275,FLANDES,TOLIMA,A,NO OFICIAL,COMPLETA,20,54,49,49,49,53,6,9,8,9,9,20243
65367,373001000617,LICEO  IBAGUE,73001,IBAGUÉ,TOLIMA,A,NO OFICIAL,COMPLETA,26,57,56,54,53,58,9,11,11,11,14,20243
145326,273504000687,I.E. GUATAVITA TUA - SEDE PRINCIPAL,73504,ORTEGA,TOLIMA,A,OFICIAL,MAÑANA,9,45,39,44,43,44,7,7,9,6,6,20243
16170,373268000152,COL NSTRA  SRA  DEL ROSARIO,73268,ESPINAL,TOLIMA,A,NO OFICIAL,COMPLETA,53,57,56,53,54,58,9,11,12,9,11,20243
98111,173001011539,SEDE 1 DIEGO FALLON,73001,IBAGUÉ,TOLIMA,A,OFICIAL,MAÑANA,57,57,56,52,56,58,9,12,12,11,11,20243
196808,273067001199,POMARROSO,73067,ATACO,TOLIMA,A,OFICIAL,MAÑANA,12,50,46,41,42,46,6,8,7,6,3,20243
173229,173001010427,MODELIA,73001,IBAGUÉ,TOLIMA,A,OFICIAL,NOCTURNA,7,41,39,42,40,44,7,11,5,5,3,20243
174508,173001002327,SEDE 1 JOSE ANTONIO RICAURTE,73001,IBAGUÉ,TOLIMA,A,OFICIAL,FIN DE SEMANA,25,46,40,39,40,41,9,8,9,6,8,20243
179259,173001006896,GUILLERMO ANGULO GOMEZ - SEDE PRINCIPAL,73001,IBAGUÉ,TOLIMA,A,OFICIAL,FIN DE SEMANA,31,46,44,41,42,41,7,11,9,7,7,20243
163667,273675000359,TOLDA BLANCA,73675,SAN ANTONIO,TOLIMA,A,OFICIAL,FIN DE SEMANA,14,42,37,36,36,38,6,9,6,5,7,20243
188755,373001012577,LOS SAMANES - SEDE PRINCIPAL,73001,IBAGUÉ,TOLIMA,A,NO OFICIAL,COMPLETA,46,67,67,66,65,75,8,10,7,8,10,20243
129049,273411000491,I.E. PATIOBONITO - SEDE PRINCIPAL,73411,LÍBANO,TOLIMA,A,OFICIAL,MAÑANA,11,52,48,48,48,48,8,11,11,7,10,20243
197913,273555000169,I.E. PRIMAVERA - SEDE PRINCIPAL,73555,PLANADAS,TOLIMA,A,OFICIAL,MAÑANA,16,46,43,41,43,39,7,8,6,5,8,20243
550905,273624000524,I.E. LA REFORMA - SEDE PRINCIPAL,73624,ROVIRA,TOLIMA,A,OFICIAL,ÚNICA,13,47,52,45,46,42,10,7,9,7,7,20243
626630,373001001001,INSTITUTO NUEVA GRANADA - SEDE PRINCIPAL,73001,IBAGUÉ,TOLIMA,A,NO OFICIAL,MAÑANA,6,49,46,43,48,47,8,8,10,7,5,20243
627463,373001012755,JOSE ACEVEDO,73001,IBAGUÉ,TOLIMA,A,NO OFICIAL,MAÑANA,7,52,46,43,46,52,10,10,7,6,10,20243
659185,273504001594,SAN NICOLAS,73504,ORTEGA,TOLIMA,A,OFICIAL,TARDE,14,39,37,38,40,38,8,10,6,8,6,20243
658328,173624000015,I.E. FRANCISCO DE MIRANDA - SEDE PRINCIPAL,73624,ROVIRA,TOLIMA,A,OFICIAL,FIN DE SEMANA,76,43,38,37,39,38,8,9,7,6,7,20243
549691,273616000647,EL AGARRE,73616,RIOBLANCO,TOLIMA,A,OFICIAL,MAÑANA,6,53,51,48,51,40,11,9,14,11,10,20243
549733,273616000876,LA URIBE,73616,RIOBLANCO,TOLIMA,A,OFICIAL,MAÑANA,5,47,41,44,46,47,6,8,5,6,2,20243
542340,273217000927,I.E. ZARAGOZA TAMARINDO - SEDE PRINCIPAL,73217,COYAIMA,TOLIMA,A,OFICIAL,MAÑANA,9,43,38,35,35,41,5,7,6,4,9,20243
537381,273001001422,SEDE 1 LA PALMA,73001,IBAGUÉ,TOLIMA,A,OFICIAL,ÚNICA,27,58,57,56,57,60,7,10,11,9,8,20243
781310,273067001075,I.E. JORGE ELIECER GAITAN - SEDE PRINCIPAL,73067,ATACO,TOLIMA,A,OFICIAL,ÚNICA,13,45,45,41,46,43,9,9,7,7,4,20243
726570,273616000094,I.E. JOSÉ MARÍA CÓRDOBA - SEDE PRINCIPAL,73616,RIOBLANCO,TOLIMA,A,OFICIAL,ÚNICA,7,50,51,44,47,43,11,13,10,10,7,20243
746578,273283001331,I.E.T.  NUESTRA SEÑORA DE LA ASUNCION - SEDE PRINCIPAL,73283,FRESNO,TOLIMA,A,OFICIAL,ÚNICA,37,54,54,52,52,50,9,10,10,9,9,20243
725259,173349000026,I.E.T. ALFONSO PALACIOS RUDAS - SEDE PRINCIPAL,73349,HONDA,TOLIMA,A,OFICIAL,ÚNICA,85,54,52,48,49,52,10,11,10,10,11,20243
740043,173001002777,SEDE 03  VERSALLES,73001,IBAGUÉ,TOLIMA,A,OFICIAL,ÚNICA,33,55,52,50,50,52,9,10,10,10,12,20243
746925,173217000035,I.E.T. AGROINDUSTRIAL JUAN XXIII - SEDE PRINCIPAL,73217,COYAIMA,TOLIMA,A,OFICIAL,ÚNICA,90,45,42,41,42,44,9,11,10,8,9,20243
725317,173001000324,SEDE 1 LEONIDAS RUBIO VILLEGAS,73001,IBAGUÉ,TOLIMA,A,OFICIAL,ÚNICA,105,60,63,57,58,62,8,10,10,9,10,20243
740092,273585000571,I.E. SAN JORGE - SEDE PRINCIPAL,73585,PURIFICACIÓN,TOLIMA,A,OFICIAL,ÚNICA,17,50,50,45,46,46,8,7,10,7,8,20243
741652,173686000020,I.E.T. SANTA ISABEL - SEDE PRINCIPAL,73686,SANTA ISABEL,TOLIMA,A,OFICIAL,FIN DE SEMANA,14,42,38,37,41,40,7,9,6,6,7,20243
749333,173001002467,SEDE 1 SAN LUIS GONZAGA,73001,IBAGUÉ,TOLIMA,A,OFICIAL,NOCTURNA,18,44,40,40,40,42,9,8,7,6,6,20243
727057,173001012926,I.E.T. BICENTENARIO  - SEDE PRINCIPAL,73001,IBAGUÉ,TOLIMA,A,OFICIAL,ÚNICA,79,55,52,49,50,53,9,11,11,10,11,20243
749531,273168001122,EL MORAL,73168,CHAPARRAL,TOLIMA,A,OFICIAL,ÚNICA,8,50,40,42,44,45,10,14,14,7,6,20243
743633,273268000506,I.E.T. GUASIMAL -SEDE PRINCIPAL,73268,ESPINAL,TOLIMA,A,OFICIAL,ÚNICA,29,47,45,43,42,44,9,11,9,8,7,20243
717918,173616000278,I.E.T. GENERAL SANTANDER - SEDE PRINCIPAL,73616,RIOBLANCO,TOLIMA,A,OFICIAL,FIN DE SEMANA,16,41,39,40,40,35,11,13,10,7,7,20243
740084,173547000015,I.E.T. FABIO LOZANO Y LOZANO - SEDE PRINCIPAL,73547,PIEDRAS,TOLIMA,A,OFICIAL,ÚNICA,24,52,46,45,45,45,6,11,10,8,8,20243
741173,273622000136,DINAMARCA,73622,RONCESVALLES,TOLIMA,A,OFICIAL,ÚNICA,5,44,48,35,40,40,13,10,6,5,12,20243
740753,273449000141,I.E.T CUALAMANA - SEDE PRINCIPAL,73449,MELGAR,TOLIMA,A,OFICIAL,ÚNICA,75,53,52,47,50,52,10,11,12,10,11,20243
779868,273168000487,I.E. LAGUNILLA - SEDE PRINCIPAL,73168,CHAPARRAL,TOLIMA,A,OFICIAL,ÚNICA,8,45,42,41,42,46,6,7,6,7,5,20243
749960,373001012755,JOSE ACEVEDO,73001,IBAGUÉ,TOLIMA,A,NO OFICIAL,FIN DE SEMANA,6,48,42,41,42,45,19,8,15,9,15,20243
725903,173001001088,SEDE 01 LA SAGRADA FAMILIA,73001,IBAGUÉ,TOLIMA,A,OFICIAL,ÚNICA,245,55,53,50,50,53,9,11,11,10,11,20243
747600,373449800045,INSTITUTO ISAAC NEWTON - SEDE PRINCIPAL,73449,MELGAR,TOLIMA,A,NO OFICIAL,FIN DE SEMANA,20,44,46,43,42,44,9,8,8,6,11,20243
809525,373352800008,SERVICIO EDUCATIVO NACIONAL DE ADULTOS -SENDAS  ICONONZO  - SEDE PRINCIPAL,73352,ICONONZO,TOLIMA,A,NO OFICIAL,FIN DE SEMANA,3,47,45,38,41,37,6,12,10,11,3,20243
808840,373283001581,COLEGIO BRITANICO EL RENACER - SEDE PRINCIPAL,73283,FRESNO,TOLIMA,A,NO OFICIAL,ÚNICA,13,51,48,43,46,51,6,10,8,8,7,20243
150896,173001010214,SEDE 1 CARLOS LLERAS RESTREPO,73001,IBAGUÉ,TOLIMA,A,OFICIAL,FIN DE SEMANA,74,45,41,38,41,40,8,7,8,7,7,20243
15602,273001000337,SEDE 1 NUESTRA SEÑORA DE FATIMA,73001,IBAGUÉ,TOLIMA,A,OFICIAL,MAÑANA,62,60,60,56,56,63,9,11,9,9,9,20243
161752,273001002658,SEDE 1 SAN BERNARDO,73001,IBAGUÉ,TOLIMA,A,OFICIAL,FIN DE SEMANA,16,45,41,39,42,42,7,8,8,5,5,20243
55418,373001008197,COL MILITAR INOCENCIO CHINCA,73001,IBAGUÉ,TOLIMA,A,NO OFICIAL,COMPLETA,46,59,57,57,56,57,9,10,12,9,11,20243
143743,373319001299,LICEO PEDAGOGICO SAN JOSE - SEDE PRINCIPAL,73319,GUAMO,TOLIMA,A,NO OFICIAL,FIN DE SEMANA,15,46,42,40,41,39,10,11,9,8,9,20243
93617,173275000037,I.E. LA PAZ NO 1 - SEDE PRINCIPAL,73275,FLANDES,TOLIMA,A,OFICIAL,MAÑANA,25,48,45,43,44,47,8,9,9,7,6,20243
16501,173624000015,I.E. FRANCISCO DE MIRANDA - SEDE PRINCIPAL,73624,ROVIRA,TOLIMA,A,OFICIAL,MAÑANA,69,53,54,47,50,49,9,10,10,10,8,20243
70607,273675000847,I.E. DOMINGO SAVIO - SEDE PRINCIPAL,73675,SAN ANTONIO,TOLIMA,A,OFICIAL,MAÑANA,15,51,50,46,49,48,10,10,11,9,9,20243
77974,373449000049,INST TEC EN SISTEMAS SANTA ROSA DE LIMA,73449,MELGAR,TOLIMA,A,NO OFICIAL,COMPLETA,26,59,58,54,54,59,9,9,8,10,11,20243
61556,373001006836,COL  MAYOR DE IBAGUE,73001,IBAGUÉ,TOLIMA,A,NO OFICIAL,MAÑANA,9,50,46,42,46,50,8,9,11,9,14,20243
143412,373275000257,INSTITUCION EDUCATIVA CALDAS,73275,FLANDES,TOLIMA,A,NO OFICIAL,MAÑANA,36,51,51,46,47,52,8,9,11,8,9,20243
92965,373001009681,GIMNASIO LOS ARRAYANES,73001,IBAGUÉ,TOLIMA,A,NO OFICIAL,MAÑANA,37,58,54,51,52,60,9,10,10,7,10,20243
41350,173001006322,SEDE 1 SIMON BOLIVAR,73001,IBAGUÉ,TOLIMA,A,OFICIAL,NOCTURNA,24,49,44,43,43,44,11,8,10,7,10,20243
99424,173449000015,I.E.T. SUMAPAZ - SEDE PRINCIPAL,73449,MELGAR,TOLIMA,A,OFICIAL,NOCTURNA,1,37,47,32,44,42,0,0,0,0,0,20243
68650,273270000726,I.E. DIEGO FALLON - SEDE PRINCIPAL,73270,FALAN,TOLIMA,A,OFICIAL,MAÑANA,30,50,47,45,47,43,7,10,9,9,8,20243
161901,273555000185,I.E. EL RUBI - SEDE PRINCIPAL,73555,PLANADAS,TOLIMA,A,OFICIAL,MAÑANA,16,47,45,39,42,42,7,10,7,5,7,20243
153031,273152000231,I.E. MARCO FIDEL SUAREZ - SEDE PRINCIPAL,73152,CASABIANCA,TOLIMA,A,OFICIAL,MAÑANA,17,50,50,46,48,48,8,10,12,8,10,20243
138552,273411000687,I.E. CAMPOALEGRE EUCLIDES BARRAGAN MENDEZ - SEDE PRINCIPAL,73411,LÍBANO,TOLIMA,A,OFICIAL,MAÑANA,9,50,43,41,45,45,7,9,9,8,5,20243
31781,273555000754,I.E. ANTONIO NARIÑO - SEDE PRINCIPAL,73555,PLANADAS,TOLIMA,A,OFICIAL,MAÑANA,30,51,50,42,47,48,9,9,10,10,8,20243
132266,373268000675,LIC  PEDAGOGICO SANTO DOMINGO SAVIO,73268,ESPINAL,TOLIMA,A,NO OFICIAL,MAÑANA,25,62,64,58,59,62,9,11,14,10,12,20243
15933,373001000200,COL  TOLIMENSE,73001,IBAGUÉ,TOLIMA,A,NO OFICIAL,COMPLETA,108,64,63,59,61,67,10,12,12,11,13,20243
173849,373268001213,COL  MARIA MONTESSORI,73268,ESPINAL,TOLIMA,A,NO OFICIAL,MAÑANA,15,55,55,47,52,52,10,11,14,12,12,20243
173864,373283001548,INSTITUCION EDUCATIVA JOSE DE ACEVEDO Y GOMEZ - SEDE PRINCIPAL,73283,FRESNO,TOLIMA,A,NO OFICIAL,FIN DE SEMANA,23,46,42,43,45,44,6,9,9,8,7,20243
61598,273622000268,I.E. MANUEL ELKIN PATARROYO - SEDE PRINCIPAL,73622,RONCESVALLES,TOLIMA,A,OFICIAL,MAÑANA,5,43,36,38,38,43,6,8,4,5,3,20243
191890,373411002223,INST SERV EDUC NAL DE ADULTOS SENDAS,73411,LÍBANO,TOLIMA,A,NO OFICIAL,FIN DE SEMANA,19,46,46,39,43,42,9,9,9,8,7,20243
657502,173001010109,I.E. SAN JOSÉ - SDE PRINCIPAL,73001,IBAGUÉ,TOLIMA,A,OFICIAL,TARDE,25,49,46,43,46,49,11,12,13,10,13,20243
539221,273067000141,SAN PEDRO,73067,ATACO,TOLIMA,A,OFICIAL,MAÑANA,4,39,40,35,41,34,3,5,4,4,7,20243
539296,273067000303,CASA DE ZINC,73067,ATACO,TOLIMA,A,OFICIAL,MAÑANA,8,51,43,39,48,,6,5,9,5,,20243
547612,273504001632,LA BANDERA,73504,ORTEGA,TOLIMA,A,OFICIAL,MAÑANA,8,47,41,39,45,40,4,5,7,4,6,20243
659193,273504001527,CHAPINERO,73504,ORTEGA,TOLIMA,A,OFICIAL,TARDE,9,45,37,35,39,38,7,5,7,5,6,20243
263814,173275000428,I.E. JORGE ELIECER GAITAN - SEDE PRINCIPAL,73275,FLANDES,TOLIMA,A,OFICIAL,MAÑANA,51,50,46,42,45,45,9,10,9,7,8,20243
541128,273168001734,LA LINEA DIAMANTE,73168,CHAPARRAL,TOLIMA,A,OFICIAL,MAÑANA,8,46,44,40,44,44,10,12,8,9,6,20243
542019,273200000150,I.E. CARLOS LLERAS RESTREPO - SEDE PRINCIPAL,73200,COELLO,TOLIMA,A,OFICIAL,ÚNICA,18,49,52,46,47,43,9,14,12,8,8,20243
627919,373449000804,LICEO CAMPESTRE MONTESORI - SEDE PRINCIPAL,73449,MELGAR,TOLIMA,A,NO OFICIAL,MAÑANA,16,55,52,50,52,57,9,12,10,9,12,20243
548867,273555001653,LOS GUAYABOS,73555,PLANADAS,TOLIMA,A,OFICIAL,MAÑANA,5,49,52,41,49,44,7,3,8,10,8,20243
693895,273024000482,I.E.T LA ARADA - SEDE PRINCIPAL,73024,ALPUJARRA,TOLIMA,A,OFICIAL,ÚNICA,10,53,51,47,51,44,6,8,8,6,6,20243
264788,173624001704,I.E.T. LA CEIBA - SEDE PRINCIPAL,73624,ROVIRA,TOLIMA,A,OFICIAL,ÚNICA,27,47,42,39,41,42,7,9,8,7,7,20243
628008,373585001326,LICEO TOLIMENSE,73585,PURIFICACIÓN,TOLIMA,A,NO OFICIAL,MAÑANA,17,58,59,52,56,61,5,8,12,9,12,20243
644922,473001012997,COL PAIDEIA SCHOOL - SEDE PRINCIPAL,73001,IBAGUÉ,TOLIMA,A,NO OFICIAL,ÚNICA,31,60,55,55,55,66,8,12,12,10,10,20243
705988,173675000010,I.E.T. JOSE MARIA CARBONELL - SEDE PRINCIPAL,73675,SAN ANTONIO,TOLIMA,A,OFICIAL,FIN DE SEMANA,13,45,42,42,41,38,8,5,6,7,7,20243
744748,273168002285,RIONEGRO,73168,CHAPARRAL,TOLIMA,A,OFICIAL,ÚNICA,2,44,46,37,47,46,9,3,8,4,1,20243
726539,173349000263,INSTITUCION EDUCATIVA ANTONIO HERRAN ZALDUA - SEDE PRINCIPAL,73349,HONDA,TOLIMA,A,OFICIAL,ÚNICA,14,50,49,44,49,48,10,7,10,6,6,20243
751057,273001006645,SAN FRANCISCO,73001,IBAGUÉ,TOLIMA,A,OFICIAL,ÚNICA,3,47,49,39,50,46,2,14,13,7,8,20243
739599,273483000142,I.E. POLICARPA SALAVARRIETA - SEDE PRINCIPAL,73483,NATAGAIMA,TOLIMA,A,OFICIAL,ÚNICA,18,41,38,36,37,39,6,8,6,4,6,20243
723338,273616000892,I.E. JESUS ANTONIO AMEZQUITA - SEDE PRINCIPAL,73616,RIOBLANCO,TOLIMA,A,OFICIAL,ÚNICA,9,49,47,50,45,44,7,11,8,6,3,20243
741330,273275000171,CAMALA,73275,FLANDES,TOLIMA,A,OFICIAL,ÚNICA,14,51,48,45,46,48,10,10,8,6,8,20243
740100,173443000277,I.E.T. MORENO Y ESCANDON - SEDE PRINCIPAL,73443,SAN SEBASTIÁN DE MARIQUITA,TOLIMA,A,OFICIAL,ÚNICA,85,52,48,44,48,47,9,11,10,9,9,20243
755090,273678000287,EL LIMONAR,73678,SAN LUIS,TOLIMA,A,OFICIAL,ÚNICA,15,49,44,42,43,42,5,9,8,6,7,20243
740621,173443000030,I.E.T. FRANCISCO NUÑEZ PEDROSO - SEDE PRINCIPAL,73443,SAN SEBASTIÁN DE MARIQUITA,TOLIMA,A,OFICIAL,ÚNICA,51,53,52,48,48,47,8,10,10,9,8,20243
717447,373268800019,CENTRO JOHANN KEPLER - SEDE PRINCIPAL,73268,ESPINAL,TOLIMA,A,NO OFICIAL,FIN DE SEMANA,2,48,48,49,49,44,5,4,8,6,7,20243
732057,273411000466,I.E. EL TESORO - SEDE PRINCIPAL,73411,LÍBANO,TOLIMA,A,OFICIAL,ÚNICA,13,50,51,47,51,48,6,8,11,7,8,20243
743419,273616000141,I.E.T. AGROPECUARIA SAN RAFAEL - SEDE PRINCIPAL,73616,RIOBLANCO,TOLIMA,A,OFICIAL,ÚNICA,57,51,50,45,46,44,8,10,10,9,9,20243
747980,273585000082,I.E.T. SANTA LUCIA - SEDE PRINCIPAL,73585,PURIFICACIÓN,TOLIMA,A,OFICIAL,ÚNICA,28,46,43,42,44,43,9,15,10,9,13,20243
780064,273168000827,EL BOSQUE,73168,CHAPARRAL,TOLIMA,A,OFICIAL,ÚNICA,3,36,33,34,35,35,2,2,4,10,2,20243
723395,273283000245,I.E. LA AGUADITA - SEDE PRINCIPAL,73283,FRESNO,TOLIMA,A,OFICIAL,ÚNICA,12,51,58,49,56,53,9,7,10,9,10,20243
741413,273275000198,PARADERO,73275,FLANDES,TOLIMA,A,OFICIAL,ÚNICA,10,47,47,42,43,46,8,9,12,9,5,20243
740530,173616000278,I.E.T. GENERAL SANTANDER - SEDE PRINCIPAL,73616,RIOBLANCO,TOLIMA,A,OFICIAL,ÚNICA,43,52,55,49,53,48,8,10,11,9,8,20243
791962,273283000075,I.E. FERNANDO GONZALEZ MESA - SEDE PRINCIPAL,73283,FRESNO,TOLIMA,A,OFICIAL,ÚNICA,7,54,48,46,50,51,9,11,10,7,7,20243
728998,173001010435,SEDE 1 CIUDAD LUZ,73001,IBAGUÉ,TOLIMA,A,OFICIAL,ÚNICA,75,56,53,52,52,53,9,11,11,9,10,20243
739672,273504000644,DELICIAS,73504,ORTEGA,TOLIMA,A,OFICIAL,TARDE,7,49,48,45,45,38,5,4,10,6,5,20243
741033,273616001384,LA ESPERANZA,73616,RIOBLANCO,TOLIMA,A,OFICIAL,ÚNICA,3,47,43,37,42,41,3,5,7,3,2,20243
746545,273217001044,I.E.T. SAN MIGUEL - SEDE PRINCIPAL,73217,COYAIMA,TOLIMA,A,OFICIAL,ÚNICA,21,43,37,37,41,39,7,8,5,5,7,20243
748129,173055000095,I.E.T. JIMENEZ DE QUESADA - SEDE PRINCIPAL,73055,ARMERO,TOLIMA,A,OFICIAL,ÚNICA,50,48,46,44,45,47,10,11,11,9,9,20243
748566,173411000046,I.E.T. NUESTRA SEÑORA DEL CARMEN - SEDE PRINCIPAL,73411,LÍBANO,TOLIMA,A,OFICIAL,ÚNICA,57,56,57,52,52,52,8,10,10,9,9,20243
750992,373168003022,LICEO PEDAGOGICO DE LA DIVINA MISERICORDIA (INSTITUTO EUTIQUIO LEAL),73168,CHAPARRAL,TOLIMA,A,NO OFICIAL,FIN DE SEMANA,5,44,39,32,39,39,8,5,2,4,5,20243
133603,273555000924,I.E. BILBAO - SEDE PRINCIPAL,73555,PLANADAS,TOLIMA,A,OFICIAL,MAÑANA,30,52,45,46,45,44,9,9,11,8,7,20243
36467,273200000354,I.E. MARCO FIDEL SUAREZ - SEDE PRINCIPAL,73200,COELLO,TOLIMA,A,OFICIAL,MAÑANA,26,51,48,45,47,50,9,10,11,9,10,20243
167072,273217000072,I.E. COYARCÓ - SEDE PRINCIPAL,73217,COYAIMA,TOLIMA,A,OFICIAL,MAÑANA,8,44,42,43,41,47,6,6,7,7,6,20243
16105,173236000020,I.E. ANTONIA SANTOS - SEDE PRINCIPAL,73236,DOLORES,TOLIMA,A,OFICIAL,MAÑANA,57,55,50,51,51,49,8,9,10,7,9,20243
126458,373001012453,INSTITUTO NACIONAL DE SERVICIOS EDUCATIVOS (INSED),73001,IBAGUÉ,TOLIMA,A,NO OFICIAL,MAÑANA,34,49,47,46,47,50,10,13,12,9,14,20243
65417,273067001202,I.E. SANTIAGO PEREZ - SEDE PRINCIPAL,73067,ATACO,TOLIMA,A,OFICIAL,MAÑANA,27,48,47,42,44,44,9,13,11,10,6,20243
139683,273585000864,I.E. CAIRO SOCORRO - SEDE PRINCIPAL,73585,PURIFICACIÓN,TOLIMA,A,OFICIAL,MAÑANA,13,46,42,39,42,45,12,12,14,9,11,20243
16519,173675000010,I.E.T. JOSE MARIA CARBONELL - SEDE PRINCIPAL,73675,SAN ANTONIO,TOLIMA,A,OFICIAL,MAÑANA,85,52,49,45,47,46,9,11,11,8,10,20243
61614,373001007662,COL  SAN BONIFACIO DE LAS LANZAS,73001,IBAGUÉ,TOLIMA,A,NO OFICIAL,COMPLETA,41,71,73,70,69,84,8,8,8,6,9,20243
122812,373124000970,CENTRO DE ADULTOS JORGE ELIECER GAITAN,73124,CAJAMARCA,TOLIMA,A,NO OFICIAL,FIN DE SEMANA,49,47,41,40,42,40,8,8,8,7,8,20243
104737,373443001249,SENDAS MARIQUITA - SEDE PRINCIPAL,73443,SAN SEBASTIÁN DE MARIQUITA,TOLIMA,A,NO OFICIAL,FIN DE SEMANA,86,47,43,41,43,42,9,10,10,8,10,20243
27656,273678000040,I.E. SAN MIGUEL - SEDE PRINCIPAL,73678,SAN LUIS,TOLIMA,A,OFICIAL,MAÑANA,35,49,49,43,49,47,10,14,10,9,8,20243
104216,373001009053,COL MIGUEL ANTONIO CARO,73001,IBAGUÉ,TOLIMA,A,NO OFICIAL,MAÑANA,7,52,50,42,47,48,7,7,5,8,14,20243
163980,473585001380,LICEO DE EDUCACIÓN BÁSICA Y MEDIA DE ADULTOS SIGLO XXI - SEDE PRINCIPAL,73585,PURIFICACIÓN,TOLIMA,A,NO OFICIAL,FIN DE SEMANA,7,42,41,40,42,41,11,16,12,8,11,20243
15842,173001000367,SEDE 1 LICEO NACIONAL,73001,IBAGUÉ,TOLIMA,A,OFICIAL,MAÑANA,98,63,65,61,61,66,8,10,10,9,11,20243
70763,173001009917,SEDE 1 JORGE ELIECER GAITAN,73001,IBAGUÉ,TOLIMA,A,OFICIAL,MAÑANA,42,54,53,48,52,51,9,9,11,10,10,20243
74336,173504000011,I.E.T. NICOLAS RAMIREZ - SEDE PRINCIPAL,73504,ORTEGA,TOLIMA,A,OFICIAL,NOCTURNA,7,37,39,34,38,41,7,11,7,9,7,20243
133900,273268000336,I.E. PATIO BONITO - SEDE PRINCIPAL,73268,ESPINAL,TOLIMA,A,OFICIAL,MAÑANA,9,45,41,38,42,43,11,11,9,7,8,20243
15917,173001000316,SEDE 1 SANTA TERESA DE JESUS,73001,IBAGUÉ,TOLIMA,A,OFICIAL,MAÑANA,113,64,63,61,60,68,8,10,9,8,11,20243
15958,173026000019,I.E. GENERAL ENRIQUE CAICEDO - SEDE PRINCIPAL,73026,ALVARADO,TOLIMA,A,OFICIAL,MAÑANA,32,53,47,47,49,46,10,13,13,10,10,20243
127860,273408000188,DELICIAS,73408,LÉRIDA,TOLIMA,A,OFICIAL,MAÑANA,5,49,46,38,45,42,7,15,10,9,7,20243
65342,273624001199,I.E. LA FLORIDA - SEDE PRINCIPAL,73624,ROVIRA,TOLIMA,A,OFICIAL,MAÑANA,16,48,49,41,45,42,5,10,8,9,5,20243
61606,373001000552,COL  ADVENTISTA DE IBAGUE,73001,IBAGUÉ,TOLIMA,A,NO OFICIAL,MAÑANA,41,61,63,57,60,64,6,8,10,8,12,20243
15693,373001000650,COL  COMFENALCO,73001,IBAGUÉ,TOLIMA,A,NO OFICIAL,MAÑANA,169,61,64,58,62,63,8,8,10,7,11,20243
160853,173001010851,ALFONSO PALACIO RUDAS,73001,IBAGUÉ,TOLIMA,A,OFICIAL,NOCTURNA,18,43,40,38,42,39,7,8,7,5,8,20243
195198,273168000568,VISTAHERMOSA,73168,CHAPARRAL,TOLIMA,A,OFICIAL,MAÑANA,17,47,47,41,47,42,12,11,13,10,7,20243
152470,273411000661,I.E. LUIS FLOREZ - SEDE PRINCIPAL,73411,LÍBANO,TOLIMA,A,OFICIAL,MAÑANA,8,49,50,45,47,51,10,10,11,9,5,20243
84061,373148000231,CENTRO EDUCATIVO GONZALO JIMENEZ DE QUESADA,73148,CARMEN DE APICALÁ,TOLIMA,A,NO OFICIAL,FIN DE SEMANA,8,44,42,38,40,43,8,10,7,8,7,20243
57638,173275000428,I.E. JORGE ELIECER GAITAN - SEDE PRINCIPAL,73275,FLANDES,TOLIMA,A,OFICIAL,NOCTURNA,12,38,35,33,35,38,6,7,4,4,6,20243
164343,273001011509,SEDE 1 TAPIAS,73001,IBAGUÉ,TOLIMA,A,OFICIAL,MAÑANA,6,49,45,42,46,39,8,14,7,7,7,20243
192393,373001010485,CENTRO DE ESTUDIOS PROTEA - SEDE PRINCIPAL,73001,IBAGUÉ,TOLIMA,A,NO OFICIAL,FIN DE SEMANA,2,47,42,36,43,49,10,16,1,10,1,20243
167122,273152000142,I.E. ANTONIO NARIÑO - SEDE PRINCIPAL,73152,CASABIANCA,TOLIMA,A,OFICIAL,MAÑANA,10,48,45,43,49,44,10,11,13,9,4,20243
123687,173001002211,SANTIAGO VILA ESCOBAR,73001,IBAGUÉ,TOLIMA,A,OFICIAL,MAÑANA,63,52,50,46,50,52,9,10,10,8,9,20243
28605,173319000099,I.E.T. INDUSTRIAL SIMON BOLIVAR - SEDE PRINCIPAL,73319,GUAMO,TOLIMA,A,OFICIAL,NOCTURNA,19,41,37,36,41,41,10,11,8,8,8,20243
262055,173001000359,SEDE 1 NORMAL SUPERIOR,73001,IBAGUÉ,TOLIMA,A,OFICIAL,MAÑANA,300,57,56,52,53,56,8,10,10,9,12,20243
263095,173026000019,I.E. GENERAL ENRIQUE CAICEDO - SEDE PRINCIPAL,73026,ALVARADO,TOLIMA,A,OFICIAL,TARDE,11,54,45,50,50,50,9,13,13,10,11,20243
539296,273067000303,CASA DE ZINC,73067,ATACO,TOLIMA,A,OFICIAL,MAÑANA,7,,,,,44,,,,,7,20243
542092,273217000102,LOMA DE GUAGUARCO,73217,COYAIMA,TOLIMA,A,OFICIAL,MAÑANA,12,36,35,34,38,38,7,11,6,5,5,20243
543603,273270000661,I.E. ORMAL SUPERIOR FABIO LOZANO TORRIJOS - SEDE PRINCIPAL,73270,FALAN,TOLIMA,A,OFICIAL,ÚNICA,69,55,53,50,50,51,10,11,12,9,13,20243
626705,373001005562,COL SANTANDER,73001,IBAGUÉ,TOLIMA,A,NO OFICIAL,MAÑANA,22,62,61,61,59,59,7,9,9,8,13,20243
658815,273270000041,PALOCABILDO,73520,PALOCABILDO,TOLIMA,A,OFICIAL,NOCTURNA,16,45,43,39,40,40,7,11,8,7,7,20243
662536,173001010842,SEDE 1 CIUDAD DE IBAGUE,73001,IBAGUÉ,TOLIMA,A,OFICIAL,FIN DE SEMANA,24,46,44,42,43,41,8,8,8,5,8,20243
538306,273001012734,SEDE 09 SINAI,73001,IBAGUÉ,TOLIMA,A,OFICIAL,MAÑANA,2,44,39,39,38,32,5,0,7,3,6,20243
537415,273001001481,JOSE JOAQUIN FORERO,73001,IBAGUÉ,TOLIMA,A,OFICIAL,MAÑANA,9,53,49,43,44,46,9,8,12,8,6,20243
548420,273555000932,PUERTO TOLIMA,73555,PLANADAS,TOLIMA,A,OFICIAL,MAÑANA,1,32,21,34,38,31,0,0,0,0,0,20243
694125,273226001049,I.E. VARSOVIA  FLORIDA - SEDE PRINCIPAL,73226,CUNDAY,TOLIMA,A,OFICIAL,ÚNICA,17,44,44,41,44,40,11,12,13,13,10,20243
670505,173870000512,I.E. ESCUELA NORMAL SUPERIOR DE VILLAHERMOSA - SEDE PRINCIPAL,73870,VILLAHERMOSA,TOLIMA,A,OFICIAL,ÚNICA,27,55,49,50,51,49,9,9,10,7,9,20243
627943,373449000855,COLEGIO MAYOR DEL CASTILLO - SEDE PRINCIPAL,73449,MELGAR,TOLIMA,A,NO OFICIAL,MAÑANA,22,59,56,52,55,63,8,8,12,8,11,20243
670430,173268001346,I.E. RAFAEL URIBE URIBE - SEDE PRINCIPAL,73268,ESPINAL,TOLIMA,A,OFICIAL,ÚNICA,60,52,53,45,48,49,9,10,11,9,11,20243
627588,373168002972,CORPORACION DIVINO NIÑO - SEDE PRINCIPAL,73168,CHAPARRAL,TOLIMA,A,NO OFICIAL,MAÑANA,5,60,52,49,53,54,8,9,13,7,7,20243
627620,373268001078,INSTITUTO EDUCATIVO SAN JOSE OBRERO,73268,ESPINAL,TOLIMA,A,NO OFICIAL,MAÑANA,9,50,46,37,42,46,8,9,4,7,11,20243
627661,373268001442,GIMNASIO PEDAGOGICO NOVA ESTRELLA,73268,ESPINAL,TOLIMA,A,NO OFICIAL,MAÑANA,8,63,68,58,60,61,14,19,19,15,14,20243
730077,373443800001,COLEGIO CRISTIANO EMANUEL - SEDE PRINCIPAL,73443,SAN SEBASTIÁN DE MARIQUITA,TOLIMA,A,NO OFICIAL,FIN DE SEMANA,1,48,50,49,51,54,0,0,0,0,0,20243
725796,273319001197,I.E.T. CAÑADA RODEO - SEDE PRINCIPAL,73319,GUAMO,TOLIMA,A,OFICIAL,ÚNICA,14,47,43,40,43,36,7,11,8,8,8,20243
739607,173001010192,CELMIRA HUERTAS,73001,IBAGUÉ,TOLIMA,A,OFICIAL,ÚNICA,28,54,54,52,48,52,8,9,10,9,13,20243
740167,173067000104,I.E.T. MARTIN POMALA - SEDE PRINCIPAL,73067,ATACO,TOLIMA,A,OFICIAL,ÚNICA,45,51,49,44,48,46,9,11,11,9,8,20243
723965,273168002111,I.E.T. ALVARO MOLINA - SEDE PRINCIPAL,73168,CHAPARRAL,TOLIMA,A,OFICIAL,ÚNICA,11,46,47,43,44,42,7,8,7,7,6,20243
719419,273043000710,LA CABA¥A,73043,ANZOÁTEGUI,TOLIMA,A,OFICIAL,ÚNICA,3,54,49,53,52,49,4,11,17,3,8,20243
751065,273001001406,CATAIMA,73001,IBAGUÉ,TOLIMA,A,OFICIAL,ÚNICA,7,44,46,43,44,42,10,11,11,5,4,20243
746685,273001011509,SEDE 1 TAPIAS,73001,IBAGUÉ,TOLIMA,A,OFICIAL,ÚNICA,13,46,48,43,45,45,10,10,8,8,6,20243
751040,273001006068,CHARCO RICO ALTO,73001,IBAGUÉ,TOLIMA,A,OFICIAL,ÚNICA,6,45,42,42,42,43,8,7,14,6,6,20243
735670,173001002173,SEDE 1 BOYACA,73001,IBAGUÉ,TOLIMA,A,OFICIAL,ÚNICA,10,61,60,57,59,55,10,7,11,9,7,20243
717223,173443000277,I.E.T. MORENO Y ESCANDON - SEDE PRINCIPAL,73443,SAN SEBASTIÁN DE MARIQUITA,TOLIMA,A,OFICIAL,FIN DE SEMANA,31,45,42,42,43,41,10,11,9,8,8,20243
742403,273411000725,I.E.T. LEPANTO - SEDE PRINCIPAL,73461,MURILLO,TOLIMA,A,OFICIAL,ÚNICA,14,57,60,52,56,50,8,9,9,6,7,20243
715995,273001002844,SEDE 1 ANTONIO NARIÑO,73001,IBAGUÉ,TOLIMA,A,OFICIAL,FIN DE SEMANA,17,45,42,40,39,39,8,9,8,6,7,20243
717777,273236000172,I.E. SAN ANDRES - SEDE PRINCIPAL,73236,DOLORES,TOLIMA,A,OFICIAL,ÚNICA,5,51,48,41,44,48,10,11,13,9,16,20243
754150,273678000180,SANTA LUCIA,73678,SAN LUIS,TOLIMA,A,OFICIAL,ÚNICA,4,46,39,37,40,40,2,9,4,6,3,20243
746305,173043000014,I.E.T. CARLOS BLANCO NASSAR - SEDE PRINCIPAL,73043,ANZOÁTEGUI,TOLIMA,A,OFICIAL,ÚNICA,48,51,52,47,52,47,8,9,10,7,7,20243
803924,273168000711,EL ESCOBAL,73168,CHAPARRAL,TOLIMA,A,OFICIAL,ÚNICA,5,39,38,35,38,34,6,8,1,3,6,20243
723940,173024000020,I.E.T. FELISA SUAREZ DE ORTIZ - SEDE PRINCIPAL,73024,ALPUJARRA,TOLIMA,A,OFICIAL,ÚNICA,26,54,55,50,50,50,9,11,10,10,8,20243
736371,173001002475,SEDE 1 MIGUEL DE CERVANTES SAAVEDRA,73001,IBAGUÉ,TOLIMA,A,OFICIAL,ÚNICA,24,56,56,49,53,54,8,8,11,9,10,20243
740639,273624000575,PRADO PANDO,73624,ROVIRA,TOLIMA,A,OFICIAL,ÚNICA,3,51,53,46,50,40,12,13,13,15,4,20243
744425,173001011474,MARIANO MELENDRO,73001,IBAGUÉ,TOLIMA,A,OFICIAL,ÚNICA,30,56,59,53,54,51,10,10,11,9,9,20243
740068,273283000326,I.E.T. AGROPECUARIA EL GUAYABO - SEDE PRINCIPAL,73283,FRESNO,TOLIMA,A,OFICIAL,ÚNICA,7,55,49,46,50,49,10,10,11,9,6,20243
740514,173152000016,I.E.T. GENERAL JOSE JOAQUIN GARCIA - SEDE PRINCIPAL,73152,CASABIANCA,TOLIMA,A,OFICIAL,ÚNICA,21,56,52,53,53,47,9,8,10,10,8,20243
740779,273555000029,I.E.T. LOS ANDES - SEDE PRINCIPAL,73555,PLANADAS,TOLIMA,A,OFICIAL,ÚNICA,25,51,47,47,47,47,10,11,11,10,8,20243
743211,173483000016,I.E.T. FRANCISCO JOSE DE CALDAS - SEDE PRINCIPAL,73483,NATAGAIMA,TOLIMA,A,OFICIAL,ÚNICA,70,47,44,41,44,45,9,11,9,8,8,20243
745653,273870000193,I.E. YARUMAL - SEDE PRINCIPAL,73870,VILLAHERMOSA,TOLIMA,A,OFICIAL,ÚNICA,9,54,56,52,54,46,7,7,8,5,6,20243
724450,173319000072,I.E.T. COMERCIAL CALDAS - SEDE PRINCIPAL,73319,GUAMO,TOLIMA,A,OFICIAL,ÚNICA,123,52,45,47,49,45,9,10,11,9,10,20243
750042,173001003013,SEDE 2 CACIQUE CALARCA,73001,IBAGUÉ,TOLIMA,A,OFICIAL,NOCTURNA,30,47,44,40,44,43,9,10,9,9,9,20243
744003,173001002181,SEDE 1 DARIO ECHANDIA,73001,IBAGUÉ,TOLIMA,A,OFICIAL,ÚNICA,38,52,53,45,48,45,8,10,9,8,8,20243
150391,173001010443,SEDE 1 MAXIMILIANO NEIRA LAMUS,73001,IBAGUÉ,TOLIMA,A,OFICIAL,NOCTURNA,6,48,41,38,43,39,7,3,9,5,8,20243
160424,173001010508,JOSE JOAQUIN FLOREZ HERNANDEZ,73001,IBAGUÉ,TOLIMA,A,OFICIAL,NOCTURNA,34,48,43,41,44,44,9,11,10,7,8,20243
123729,273563000615,I.E. ISLA DEL SOL - SEDE PRINCIPAL,73563,PRADO,TOLIMA,A,OFICIAL,MAÑANA,18,50,46,46,47,47,9,13,12,10,8,20243
52787,273226001171,I.E. SAN AGUSTIN - SEDE PRINCIPAL,73226,CUNDAY,TOLIMA,A,OFICIAL,MAÑANA,27,48,47,41,44,46,8,9,9,8,7,20243
158345,273043000027,I.E. GENERAL ANZOATEGUI - SEDE PRINCIPAL,73043,ANZOÁTEGUI,TOLIMA,A,OFICIAL,MAÑANA,9,53,52,45,53,45,6,7,10,4,10,20243
26849,173268000137,I.E. SAN ISIDORO - SEDE PRINCIPAL,73268,ESPINAL,TOLIMA,A,OFICIAL,TARDE,39,51,47,45,47,48,10,9,11,9,9,20243
146498,373168002794,COL SAGRADO CORAZON DE JESUS,73168,CHAPARRAL,TOLIMA,A,NO OFICIAL,FIN DE SEMANA,7,43,42,36,42,41,7,7,5,3,6,20243
45567,173001006331,SEDE 1 JOSE CELESTINO MUTIS,73001,IBAGUÉ,TOLIMA,A,OFICIAL,MAÑANA,79,54,51,48,47,50,9,11,10,9,10,20243
108779,173443000315,I.E. GONZALO JIMENEZ DE QUESADA - SEDE PRINCIPAL,73443,SAN SEBASTIÁN DE MARIQUITA,TOLIMA,A,OFICIAL,MAÑANA,77,57,57,54,54,54,8,9,10,8,10,20243
38109,173624000015,I.E. FRANCISCO DE MIRANDA - SEDE PRINCIPAL,73624,ROVIRA,TOLIMA,A,OFICIAL,TARDE,31,48,47,43,44,45,9,11,11,9,7,20243
16022,173124000019,I.E. ISMAEL PERDOMO - SEDE PRINCIPAL,73124,CAJAMARCA,TOLIMA,A,OFICIAL,MAÑANA,62,55,53,49,51,52,9,11,11,10,10,20243
58297,373001007701,COL DE BTO  ACAD  SINTRAMUNICIPALES,73001,IBAGUÉ,TOLIMA,A,NO OFICIAL,MAÑANA,6,51,54,54,53,52,6,7,12,10,10,20243
48009,273675000537,I.E. PABLO VI - SEDE PRINCIPAL,73675,SAN ANTONIO,TOLIMA,A,OFICIAL,MAÑANA,33,48,50,41,45,43,8,8,8,7,8,20243
166868,273067001482,I.E. ANTONIO NARIÑO - SEDE PRINCIPAL,73067,ATACO,TOLIMA,A,OFICIAL,MAÑANA,18,43,41,39,42,41,8,9,8,7,8,20243
38091,373268000861,COL  SANTA MARGARITA MARIA,73268,ESPINAL,TOLIMA,A,NO OFICIAL,MAÑANA,1,64,62,63,66,74,0,0,0,0,0,20243
116848,373268001596,I. E. CENTEC - SEDE PRINCIPAL,73268,ESPINAL,TOLIMA,A,NO OFICIAL,FIN DE SEMANA,4,54,42,39,43,44,10,15,7,9,11,20243
93088,373449000553,COL CAMPESTRE,73449,MELGAR,TOLIMA,A,NO OFICIAL,COMPLETA,10,64,65,62,64,66,8,5,7,8,11,20243
124669,273504002191,I.E. EL VERGEL - SEDE PRINCIPAL,73504,ORTEGA,TOLIMA,A,OFICIAL,MAÑANA,20,47,45,39,44,,7,9,9,7,,20243
124669,273504002191,I.E. EL VERGEL - SEDE PRINCIPAL,73504,ORTEGA,TOLIMA,A,OFICIAL,MAÑANA,19,,,,,42,,,,,8,20243
65383,373001009924,COL TEC CARLOS J. HUELGOS,73001,IBAGUÉ,TOLIMA,A,NO OFICIAL,MAÑANA,66,57,58,55,56,55,7,10,10,8,11,20243
98152,373001004345,COL LATINO,73001,IBAGUÉ,TOLIMA,A,NO OFICIAL,COMPLETA,6,55,49,53,51,54,13,15,10,11,9,20243
146100,173001005296,SEDE 1 LUIS CARLOS GALAN SARMIENTO,73001,IBAGUÉ,TOLIMA,A,OFICIAL,NOCTURNA,13,46,42,43,44,39,9,7,8,7,6,20243
140293,273270000262,I.E. ALTO DEL ROMPE - SEDE PRINCIPAL,73270,FALAN,TOLIMA,A,OFICIAL,MAÑANA,21,49,45,44,45,53,10,12,11,9,10,20243
155069,273624000583,I.E. JULIO ERNESTO ANDRADE - SEDE PRINCIPAL,73624,ROVIRA,TOLIMA,A,OFICIAL,MAÑANA,10,50,45,43,47,45,6,11,11,10,6,20243
155283,273217001061,INSTITUCION EDUCATIVA CHENCHE BALSILLAS - SEDE PRINCIPAL,73217,COYAIMA,TOLIMA,A,OFICIAL,MAÑANA,19,41,40,39,39,39,9,8,9,6,6,20243
83014,373268001604,INSTITUTO SAN FERNANDO FERRINI,73268,ESPINAL,TOLIMA,A,NO OFICIAL,FIN DE SEMANA,32,44,40,41,41,44,11,11,9,10,14,20243
82966,273770000307,PABLO VI,73770,SUÁREZ,TOLIMA,A,OFICIAL,MAÑANA,7,53,51,51,50,50,16,14,14,13,10,20243
101196,373504002230,SERVICIO EDUCATIVO NAL DE ADULTOS SENDAS,73504,ORTEGA,TOLIMA,A,NO OFICIAL,FIN DE SEMANA,28,39,35,34,37,38,6,9,5,5,6,20243
194126,273001004073,SEDE 1 AMBIENTAL COMBEIMA,73001,IBAGUÉ,TOLIMA,A,OFICIAL,FIN DE SEMANA,31,43,41,39,43,41,9,9,8,7,8,20243
189951,273001001147,SEDE 7 EL COLEGIO,73001,IBAGUÉ,TOLIMA,A,OFICIAL,MAÑANA,1,43,49,38,52,32,0,0,0,0,0,20243
106617,173001010109,I.E. SAN JOSÉ - SDE PRINCIPAL,73001,IBAGUÉ,TOLIMA,A,OFICIAL,MAÑANA,57,55,52,51,51,52,10,10,10,8,9,20243
183251,373449000880,CENTRO JOHANN KEPLER - SEDE PRINCIPAL,73449,MELGAR,TOLIMA,A,NO OFICIAL,FIN DE SEMANA,5,49,41,45,41,46,12,13,11,10,9,20243
74294,173001010290,SEDE 4  LAS ACACIAS,73001,IBAGUÉ,TOLIMA,A,OFICIAL,NOCTURNA,19,44,44,41,42,42,6,8,7,7,7,20243
121343,173001009259,SEDE 1 NIÑO JESUS DE PRAGA,73001,IBAGUÉ,TOLIMA,A,OFICIAL,MAÑANA,73,58,54,52,53,55,8,11,10,9,11,20243
186486,373001010931,LICEO LA PAZ,73001,IBAGUÉ,TOLIMA,A,NO OFICIAL,COMPLETA,18,56,50,49,51,51,7,12,10,9,11,20243
190579,373268001787,LICEO MODERNO DE ESPINAL - SEDE PRINCIPAL,73268,ESPINAL,TOLIMA,A,NO OFICIAL,FIN DE SEMANA,35,44,38,38,39,41,8,10,8,6,8,20243
191833,373168003634,SERVICIO EDUCATIVO NAL DE ADULTOS SENDAS,73168,CHAPARRAL,TOLIMA,A,NO OFICIAL,FIN DE SEMANA,78,45,42,39,41,42,8,9,7,6,8,20243
192039,373555001941,INSTITUTO DE SERVICIO EDUCATIVO NAL DE ADULTOS SENDAS - SEDE PRINCIPAL,73555,PLANADAS,TOLIMA,A,NO OFICIAL,FIN DE SEMANA,29,42,39,39,40,41,8,10,10,7,8,20243
104224,273624001181,I.E. LA LIBERTAD - SEDE PRINCIPAL,73624,ROVIRA,TOLIMA,A,OFICIAL,MAÑANA,18,52,54,46,47,48,8,9,9,8,7,20243
101634,373001012241,INST EDUC FORMAL PARA JOVENES Y ADULTOS PREPAR SAN SEBASTIAN,73001,IBAGUÉ,TOLIMA,A,NO OFICIAL,FIN DE SEMANA,33,44,42,39,41,43,9,9,8,7,9,20243
661298,273124000358,I.E. LA LEONA - SEDE PRINCIPAL,73124,CAJAMARCA,TOLIMA,A,OFICIAL,MAÑANA,13,49,48,41,44,44,6,6,9,7,9,20243
663138,373268001795,INSTITUTO DE EDUCACION PARA JOVENES Y ADULTOS  GENESIS  - SEDE PRINCIPAL,73268,ESPINAL,TOLIMA,A,NO OFICIAL,FIN DE SEMANA,40,49,45,44,44,43,8,10,10,8,12,20243
199307,373268001369,INSTITUTO SERVICIO EDUCATIVO NACIONAL DE ADULTOS SENDAS - SEDE PRINCIPAL,73217,COYAIMA,TOLIMA,A,NO OFICIAL,FIN DE SEMANA,15,40,34,37,37,36,8,11,6,4,8,20243
659177,273504000890,LOS GUAYABOS PUEBLO NUEVO,73504,ORTEGA,TOLIMA,A,OFICIAL,TARDE,22,47,47,44,46,43,8,9,11,9,7,20243
550434,273622000098,PABLO VI,73622,RONCESVALLES,TOLIMA,A,OFICIAL,MAÑANA,9,45,39,36,38,42,4,9,7,8,8,20243
627687,373268001574,COLEGIO TÉCNICO LOS ANGELES - SEDE PRINCIPAL,73268,ESPINAL,TOLIMA,A,NO OFICIAL,COMPLETA,18,50,47,44,45,52,7,10,10,8,9,20243
544015,273283000521,I.E. REAL CAMPESTRE LA SAGRADA FAMILIA - SEDE PRINCIPAL,73283,FRESNO,TOLIMA,A,OFICIAL,ÚNICA,18,51,47,47,47,46,8,10,12,9,8,20243
546960,273504000059,EL TRIUNFO,73504,ORTEGA,TOLIMA,A,OFICIAL,MAÑANA,7,47,40,42,43,42,11,11,9,9,6,20243
548354,273555000452,SAN FRANCISCO,73555,PLANADAS,TOLIMA,A,OFICIAL,MAÑANA,6,44,47,42,48,41,7,11,9,7,8,20243
659151,273504000296,CORAZON PERALONSO,73504,ORTEGA,TOLIMA,A,OFICIAL,TARDE,11,47,40,40,43,41,12,12,10,9,8,20243
538298,273001012718,SEDE ALTO DE SAN ROMUALDO,73001,IBAGUÉ,TOLIMA,A,OFICIAL,MAÑANA,2,56,51,58,54,45,8,0,1,3,4,20243
694190,273347000252,I.E. ALFONSO DAZA AGUIRRE - SEDE PRINCIPAL,73347,HERVEO,TOLIMA,A,OFICIAL,ÚNICA,10,49,46,44,48,47,8,10,9,8,8,20243
262576,173001002637,GRANADA,73001,IBAGUÉ,TOLIMA,A,OFICIAL,MAÑANA,16,53,54,48,53,52,9,12,12,11,9,20243
627810,373319001302,LICEO INFANTIL  JUAN PLABLO II - SEDE PRINCIPAL,73319,GUAMO,TOLIMA,A,NO OFICIAL,MAÑANA,9,62,59,60,56,59,7,8,9,7,9,20243
627695,373268001611,I. E. NUESTRA SEÑORA DEL CARMEN - SEDE PRINCIPAL,73268,ESPINAL,TOLIMA,A,NO OFICIAL,COMPLETA,7,45,41,38,45,41,11,3,12,6,7,20243
627612,373268000870,LIC  MARIA JOSE,73268,ESPINAL,TOLIMA,A,NO OFICIAL,COMPLETA,18,63,63,61,57,60,8,10,10,9,10,20243
736173,173671000228,I.E.T. GENERAL ROBERTO LEYVA SEDE CAMPESTRE - SEDE PRINCIPAL,73671,SALDAÑA,TOLIMA,A,OFICIAL,ÚNICA,62,48,45,42,43,44,11,12,10,8,9,20243
748905,273585000996,I.E.T. TULIO VARON - SEDE PRINCIPAL,73585,PURIFICACIÓN,TOLIMA,A,OFICIAL,ÚNICA,49,43,40,38,41,41,9,8,8,8,8,20243
740142,173124000817,I.E.T. NUESTRA SEÑORA DEL ROSARIO - SEDE PRINCIPAL,73124,CAJAMARCA,TOLIMA,A,OFICIAL,ÚNICA,66,55,53,51,52,50,8,9,10,8,9,20243
723478,173001012896,ANTONIO NARIÑO,73001,IBAGUÉ,TOLIMA,A,OFICIAL,ÚNICA,82,53,52,47,49,49,8,10,11,9,7,20243
746206,273217001001,I.E.T JUAN LOZANO SANCHEZ - SEDE PRINCIPAL,73217,COYAIMA,TOLIMA,A,OFICIAL,ÚNICA,23,43,40,39,40,40,7,10,9,7,6,20243
747196,273001004073,SEDE 1 AMBIENTAL COMBEIMA,73001,IBAGUÉ,TOLIMA,A,OFICIAL,ÚNICA,43,49,46,42,46,49,7,10,9,8,6,20243
784256,273168000461,IRCO DOS AGUAS,73168,CHAPARRAL,TOLIMA,A,OFICIAL,ÚNICA,5,47,48,42,47,39,7,9,12,8,9,20243
747402,173001005351,SEDE 1 CIUDAD ARKALA,73001,IBAGUÉ,TOLIMA,A,OFICIAL,ÚNICA,73,56,53,50,51,50,8,10,10,8,9,20243
731935,173001005814,SEDE 1 JUAN LOZANO Y LOZANO,73001,IBAGUÉ,TOLIMA,A,OFICIAL,ÚNICA,82,54,52,47,50,52,8,9,9,8,10,20243
783837,173319000081,I.E. SOR JOSEFA DEL CASTILLO - SEDE PRINCIPAL,73319,GUAMO,TOLIMA,A,OFICIAL,ÚNICA,23,52,49,46,49,51,13,14,13,12,10,20243
724716,273319000841,I.E.T. ALBERTO CASTILLA - SEDE PRINCIPAL,73319,GUAMO,TOLIMA,A,OFICIAL,ÚNICA,13,47,48,41,42,38,11,9,11,9,5,20243
736306,173268001010,I.E.T. MARIANO SANCHEZ ANDRADE - SEDE PRINCIPAL,73268,ESPINAL,TOLIMA,A,OFICIAL,ÚNICA,35,48,49,48,48,48,11,12,11,10,10,20243
740183,273067000338,BALSILLAS,73067,ATACO,TOLIMA,A,OFICIAL,ÚNICA,3,46,45,39,41,47,8,8,7,2,6,20243
716993,173067000104,I.E.T. MARTIN POMALA - SEDE PRINCIPAL,73067,ATACO,TOLIMA,A,OFICIAL,FIN DE SEMANA,8,44,40,39,42,37,8,6,7,8,8,20243
739375,273616000051,LA LINDOSA,73616,RIOBLANCO,TOLIMA,A,OFICIAL,ÚNICA,9,47,47,39,44,40,10,12,8,10,9,20243
744722,173001010214,SEDE 1 CARLOS LLERAS RESTREPO,73001,IBAGUÉ,TOLIMA,A,OFICIAL,ÚNICA,189,56,54,49,53,52,8,10,11,10,9,20243
784306,273168001467,JOSE MARIA CORDOBA,73168,CHAPARRAL,TOLIMA,A,OFICIAL,ÚNICA,3,42,43,35,42,44,11,13,10,7,9,20243
812073,273067001202,I.E. SANTIAGO PEREZ - SEDE PRINCIPAL,73067,ATACO,TOLIMA,A,OFICIAL,NOCTURNA,21,41,35,37,38,36,8,8,8,5,6,20243
168716,273217000234,I.E. SANTA MARTA - SEDE PRINCIPAL,73217,COYAIMA,TOLIMA,A,OFICIAL,MAÑANA,7,43,31,41,40,36,7,8,9,7,7,20243
74286,173861000411,LUCRECIA BOCANEGRA,73861,VENADILLO,TOLIMA,A,OFICIAL,MAÑANA,16,46,47,43,46,47,9,13,11,10,9,20243
68635,273001004286,SEDE 1 FERNANDO VILLALOBOS ARANGO,73001,IBAGUÉ,TOLIMA,A,OFICIAL,MAÑANA,44,52,50,46,48,48,9,10,10,8,10,20243
118539,373001004396,COL INGLES,73001,IBAGUÉ,TOLIMA,A,NO OFICIAL,COMPLETA,19,70,73,70,69,86,6,5,9,11,10,20243
167643,173001008741,SEDE 1 ALBERTO CASTILLA,73001,IBAGUÉ,TOLIMA,A,OFICIAL,FIN DE SEMANA,41,47,41,40,42,43,9,9,8,7,8,20243
144469,273854000329,I.E. VALLECITOS - SEDE PRINCIPAL,73854,VALLE DE SAN JUAN,TOLIMA,A,OFICIAL,MAÑANA,11,47,46,43,45,42,6,6,8,5,4,20243
15669,173001000308,SEDE 1  SAN SIMON,73001,IBAGUÉ,TOLIMA,A,OFICIAL,MAÑANA,170,59,58,55,55,58,8,10,10,9,11,20243
15594,373001000153,COL  AMERICANO DE IBAGUE,73001,IBAGUÉ,TOLIMA,A,NO OFICIAL,MAÑANA,35,61,59,58,58,66,9,11,9,8,14,20243
135079,273055000219,I.E. SAN PEDRO - SEDE PRINCIPAL,73055,ARMERO,TOLIMA,A,OFICIAL,MAÑANA,12,50,45,45,45,45,8,11,11,9,9,20243
74278,373001000625,COL EUCARISTICO MARIA DEL REFUGIO,73001,IBAGUÉ,TOLIMA,A,NO OFICIAL,COMPLETA,56,63,61,58,59,67,6,9,9,9,11,20243
182303,273675000120,QUINTA CAJON,73675,SAN ANTONIO,TOLIMA,A,OFICIAL,MAÑANA,3,48,43,36,40,34,8,14,3,9,8,20243
196832,273067001024,I. E. BERLIN - SEDE PRINCIPAL,73067,ATACO,TOLIMA,A,OFICIAL,MAÑANA,3,51,55,52,49,49,3,16,15,13,7,20243
77909,173055000893,I.E. FE Y ALEGRIA - SEDE PRINCIPAL,73055,ARMERO,TOLIMA,A,OFICIAL,MAÑANA,19,48,49,40,48,46,10,10,11,7,9,20243
70805,273026000587,I.E. LUIS CARLOS GALAN SARMIENTO - SEDE PRINCIPAL,73026,ALVARADO,TOLIMA,A,OFICIAL,MAÑANA,18,48,48,41,47,47,9,11,10,6,7,20243
170662,273001001422,SEDE 1 LA PALMA,73001,IBAGUÉ,TOLIMA,A,OFICIAL,FIN DE SEMANA,7,54,51,47,46,53,8,10,12,9,13,20243
191874,373483000886,SERVICIO EDUCATIVO NAL DE ADULTOS SENDAS,73483,NATAGAIMA,TOLIMA,A,NO OFICIAL,FIN DE SEMANA,1,49,56,48,58,57,0,0,0,0,0,20243
93054,173275000118,I.E. MANUELA OMAÑA - SEDE PRINCIPAL,73275,FLANDES,TOLIMA,A,OFICIAL,MAÑANA,52,47,43,38,44,42,10,10,9,8,8,20243
701086,373168002794,COL SAGRADO CORAZON DE JESUS,73168,CHAPARRAL,TOLIMA,A,NO OFICIAL,COMPLETA,20,54,54,49,55,52,9,10,12,9,12,20243
658518,273217000315,I.E. EL PALMAR - SEDE PRINCIPAL,73217,COYAIMA,TOLIMA,A,OFICIAL,MAÑANA,10,45,41,36,44,45,11,5,6,5,7,20243
547505,273504001250,LOS NARANJOS,73504,ORTEGA,TOLIMA,A,OFICIAL,TARDE,11,44,44,42,44,43,11,11,12,12,8,20243
551622,273675000260,EL LUGO ALTO,73675,SAN ANTONIO,TOLIMA,A,OFICIAL,MAÑANA,5,42,45,38,42,41,8,6,6,5,5,20243
661868,273411000695,I.E. EL BOSQUE - SEDE PRINCIPAL,73461,MURILLO,TOLIMA,A,OFICIAL,ÚNICA,5,45,45,41,47,46,12,5,10,11,10,20243
627604,373168003731,COLEGIO RAYITO DE LUZ (JARDIN INFANTIL) - SEDE PRINCIPAL,73168,CHAPARRAL,TOLIMA,A,NO OFICIAL,MAÑANA,4,58,58,54,57,59,6,9,6,7,11,20243
627737,373268001752,COLEGIO CAFASUR - SEDE PRINCIPAL,73268,ESPINAL,TOLIMA,A,NO OFICIAL,MAÑANA,23,53,48,48,50,49,9,11,11,8,12,20243
537605,273001002071,SEDE 4 CHEMBE,73001,IBAGUÉ,TOLIMA,A,OFICIAL,MAÑANA,4,50,43,39,48,39,5,8,10,8,6,20243
548495,273555001025,SAN MIGUEL,73555,PLANADAS,TOLIMA,A,OFICIAL,MAÑANA,9,46,44,37,39,37,8,15,9,6,8,20243
693952,273124000366,I.E.T. AGROINDUSTRIAL DE CAJAMARCA - SEDE PRINCIPAL,73124,CAJAMARCA,TOLIMA,A,OFICIAL,ÚNICA,12,53,54,51,52,51,7,11,9,9,15,20243
670463,173408000469,I.E.T MINUTO DE DIOS FE Y ALEGRIA - SEDE PRINCIPAL,73408,LÉRIDA,TOLIMA,A,OFICIAL,ÚNICA,27,55,51,50,50,49,8,10,9,9,8,20243
670471,173411000054,I.E.T. ALFONSO ARANGO TORO - SEDE PRINCIPAL,73411,LÍBANO,TOLIMA,A,OFICIAL,ÚNICA,24,50,49,46,47,47,7,9,8,7,6,20243
264051,173349000093,I.E.T. GENERAL SANTANDER - SEDE PRINCIPAL,73349,HONDA,TOLIMA,A,OFICIAL,ÚNICA,27,59,59,53,56,55,8,9,11,8,13,20243
707331,373585000052,COLEGIO NUESTRA SEÑORA DE NAZARETH - SEDE PRINCIPAL,73585,PURIFICACIÓN,TOLIMA,A,NO OFICIAL,COMPLETA,22,59,61,57,56,58,9,9,11,9,9,20243
743781,173001011237,AMINA MELENDRO DE PULECIO,73001,IBAGUÉ,TOLIMA,A,OFICIAL,ÚNICA,73,61,61,55,59,62,8,11,12,8,11,20243
747261,173001010443,SEDE 1 MAXIMILIANO NEIRA LAMUS,73001,IBAGUÉ,TOLIMA,A,OFICIAL,ÚNICA,36,56,55,51,52,50,8,8,10,7,11,20243
740126,173585000100,I.E.T. PEREZ  Y ALADANA - SEDE PRINCIPAL,73585,PURIFICACIÓN,TOLIMA,A,OFICIAL,ÚNICA,129,49,46,43,45,45,8,10,10,7,9,20243
726463,173449000031,I.E.T. GABRIELA MISTRAL - SEDE PRINCIPAL,73449,MELGAR,TOLIMA,A,OFICIAL,ÚNICA,105,54,52,47,50,49,8,10,11,9,9,20243
741165,173861000721,I.E.T. COMERCIAL CAMILA MOLANO - SEDE PRINCIPAL,73861,VENADILLO,TOLIMA,A,OFICIAL,ÚNICA,44,53,53,50,49,47,9,9,11,9,8,20243
742981,273675000537,I.E. PABLO VI - SEDE PRINCIPAL,73675,SAN ANTONIO,TOLIMA,A,OFICIAL,NOCTURNA,13,45,41,36,39,40,11,12,7,7,8,20243
736488,273319000859,I.E.T. LA CHAMBA - SEDE PRINCIPAL,73319,GUAMO,TOLIMA,A,OFICIAL,ÚNICA,20,48,46,43,42,46,8,9,7,6,7,20243
741462,173283000020,I.E.T. NIÑA MARIA - SEDE PRINCIPAL,73283,FRESNO,TOLIMA,A,OFICIAL,ÚNICA,80,56,55,52,53,52,10,12,10,11,10,20243
752014,373411002242,INSTITUCION EDUCATIVA SYSDATEC BACHILLERATO POR CICLOS - SEDE PRINCIPAL,73411,LÍBANO,TOLIMA,A,NO OFICIAL,FIN DE SEMANA,14,52,52,46,47,48,9,8,10,10,10,20243
740076,173226000056,I.E. SAN ANTONIO - SEDE PRINCIPAL,73226,CUNDAY,TOLIMA,A,OFICIAL,ÚNICA,38,49,51,44,48,45,10,12,11,11,11,20243
745885,173001005661,SEDE 1 ISMAEL SANTOFIMIO TRUJILLO,73001,IBAGUÉ,TOLIMA,A,OFICIAL,ÚNICA,63,53,50,46,45,49,9,12,11,9,8,20243
751578,173349000255,I.E.T. JUAN MANUEL RUDAS - SEDE PRINCIPAL,73349,HONDA,TOLIMA,A,OFICIAL,ÚNICA,12,52,53,45,46,46,11,11,12,9,9,20243
754606,373349000688,COL COMFENALCO - SEDE PRINCIPAL,73349,HONDA,TOLIMA,A,NO OFICIAL,ÚNICA,21,60,61,56,58,63,8,12,10,9,10,20243
753137,273352000201,I.E. LA FILA - SEDE PRINCIPAL,73352,ICONONZO,TOLIMA,A,OFICIAL,ÚNICA,6,49,45,41,42,45,7,16,10,8,11,20243
781328,273616001902,I.E. LUIS ERNESTO VANEGAS NEIRA - SEDE PRINCIPAL,73616,RIOBLANCO,TOLIMA,A,OFICIAL,ÚNICA,1,55,46,59,36,46,0,0,0,0,0,20243
724872,173268000200,I.E.T. FELIX TIBERIO GUZMAN - SEDE PRINCIPAL,73268,ESPINAL,TOLIMA,A,OFICIAL,ÚNICA,162,56,54,48,50,49,9,11,11,10,10,20243
743674,273616000141,I.E.T. AGROPECUARIA SAN RAFAEL - SEDE PRINCIPAL,73616,RIOBLANCO,TOLIMA,A,OFICIAL,FIN DE SEMANA,4,43,41,42,46,38,5,10,12,6,7,20243
750281,173352000690,I.E.T. NUESTRA SEÑORA DE LAS MERCEDES - SEDE PRINCIPAL,73352,ICONONZO,TOLIMA,A,OFICIAL,ÚNICA,47,53,52,47,49,49,8,10,9,9,8,20243
719484,173449000015,I.E.T. SUMAPAZ - SEDE PRINCIPAL,73449,MELGAR,TOLIMA,A,OFICIAL,ÚNICA,180,50,47,45,47,47,9,10,10,8,8,20243
720078,373268800043,LICEO MODERNO SEMILLAS DE ALEGRIA - SEDE PRINCIPAL,73268,ESPINAL,TOLIMA,A,NO OFICIAL,ÚNICA,27,45,42,39,42,45,8,9,7,6,9,20243
724021,173001010508,JOSE JOAQUIN FLOREZ HERNANDEZ,73001,IBAGUÉ,TOLIMA,A,OFICIAL,ÚNICA,165,56,55,50,52,53,8,10,10,9,9,20243
724617,173283000011,I.E.T. MARIA AUXILIADORA - SEDE PRINCIPAL,73283,FRESNO,TOLIMA,A,OFICIAL,ÚNICA,48,56,52,51,52,50,9,11,11,9,10,20243
744193,173001007621,SEDE 1 FRANCISCO DE PAULA SANTANDER,73001,IBAGUÉ,TOLIMA,A,OFICIAL,ÚNICA,154,53,51,48,50,50,9,10,10,9,8,20243
747592,273217000692,I.E. GUILLERMO ANGULO GOMEZ - SEDE PRINCIPAL,73217,COYAIMA,TOLIMA,A,OFICIAL,ÚNICA,34,45,44,39,43,44,9,11,7,8,7,20243
740159,273270000408,I.E.T. AGROINDUSTRIAL LEOPOLDO GARCIA - SEDE PRINCIPAL,73520,PALOCABILDO,TOLIMA,A,OFICIAL,ÚNICA,78,53,53,48,50,46,9,9,11,8,9,20243
740175,173411000941,I.E.T. NUESTRA SEÑORA DE LOURDES - SEDE PRINCIPAL,73411,LÍBANO,TOLIMA,A,OFICIAL,ÚNICA,61,61,60,55,56,60,6,11,9,8,10,20243
742361,373001006836,COL  MAYOR DE IBAGUE,73001,IBAGUÉ,TOLIMA,A,NO OFICIAL,FIN DE SEMANA,8,48,45,37,39,45,10,12,7,6,11,20243
746479,273873000615,I.E.T. LOS ALPES - SEDE PRINCIPAL,73873,VILLARRICA,TOLIMA,A,OFICIAL,ÚNICA,11,54,60,47,52,46,4,9,10,9,6,20243
726950,173616000022,I.E.T. FRANCISCO JULIAN OLAYA - SEDE PRINCIPAL,73616,RIOBLANCO,TOLIMA,A,OFICIAL,ÚNICA,45,53,51,49,51,47,8,9,10,6,10,20243
747097,173168000121,I.E.T. SOLEDAD MEDINA - SEDE PRINCIPAL,73168,CHAPARRAL,TOLIMA,A,OFICIAL,ÚNICA,78,57,55,51,54,51,8,9,9,8,9,20243
803577,273686000083,I.E. SAN RAFAEL - SEDE PRINCIPAL,73686,SANTA ISABEL,TOLIMA,A,OFICIAL,ÚNICA,20,48,47,46,44,43,9,11,9,10,8,20243
811869,273504000458,ALTO DEL CIELO,73504,ORTEGA,TOLIMA,A,OFICIAL,ÚNICA,12,43,35,37,40,40,8,11,8,9,10,20243
816082,373055800016,INSTITUTO GRANCOLOMBIANO DE FORMACIÓN INTEGRAL - SEDE PRINCIPAL,73055,ARMERO,TOLIMA,A,NO OFICIAL,FIN DE SEMANA,20,41,36,39,40,38,7,7,7,5,9,20243
817338,373001000439,COL NUEVO LICEO,73001,IBAGUÉ,TOLIMA,A,NO OFICIAL,ÚNICA,6,62,60,60,61,66,13,10,13,11,13,20243
819219,273411001624,I.E. SANTA TERESA - SEDE PRINCIPAL,73411,LÍBANO,TOLIMA,A,OFICIAL,ÚNICA,18,51,52,48,50,48,12,11,12,9,9,20243
137836,273226000620,SAN PABLO,73226,CUNDAY,TOLIMA,A,OFICIAL,MAÑANA,1,37,35,31,37,30,0,0,0,0,0,20243
68668,273226000816,VALENCIA 1,73226,CUNDAY,TOLIMA,A,OFICIAL,MAÑANA,11,48,49,41,48,44,9,9,8,7,7,20243
141846,273200000133,POTRERILLO,73200,COELLO,TOLIMA,A,OFICIAL,MAÑANA,13,49,46,41,45,46,9,11,8,8,8,20243
138545,373268001663,"INSTITUTO DE EDUCACION FORMAL ""CECONTEC"" - SEDE PRINCIPAL",73268,ESPINAL,TOLIMA,A,NO OFICIAL,FIN DE SEMANA,14,40,36,35,38,38,9,8,8,5,7,20243
16543,173861000038,I.E. FRANCISCO HURTADO - SEDE PRINCIPAL,73861,VENADILLO,TOLIMA,A,OFICIAL,MAÑANA,60,49,49,44,47,44,10,10,11,9,11,20243
128348,173349000255,I.E.T. JUAN MANUEL RUDAS - SEDE PRINCIPAL,73349,HONDA,TOLIMA,A,OFICIAL,NOCTURNA,24,43,40,38,43,43,9,11,9,7,6,20243
44842,173349000735,I.E. LUIS CARLOS GALAN SARMIENTO - SEDE PRINCIPAL,73349,HONDA,TOLIMA,A,OFICIAL,TARDE,18,49,49,45,48,46,10,10,13,12,10,20243
15966,173030000058,EGIDIO PONCE,73030,AMBALEMA,TOLIMA,A,OFICIAL,MAÑANA,53,50,46,44,47,48,10,12,11,10,9,20243
45633,273483000541,I.E. MARIANO OSPINA PEREZ - SEDE PRINCIPAL,73483,NATAGAIMA,TOLIMA,A,OFICIAL,MAÑANA,16,45,43,41,41,41,8,9,8,5,4,20243
118869,373268001451,LIC INFANTIL Y JUVENIL ESPINAL,73268,ESPINAL,TOLIMA,A,NO OFICIAL,COMPLETA,20,59,57,55,54,57,10,10,11,8,10,20243
169029,373449000723,GIMNASIO PERSONALIZADO LOS PILARES,73449,MELGAR,TOLIMA,A,NO OFICIAL,MAÑANA,21,52,51,46,48,54,7,8,11,7,8,20243
98202,373001007166,GIMNASIO CAMPESTRE,73001,IBAGUÉ,TOLIMA,A,NO OFICIAL,COMPLETA,22,63,63,61,63,69,8,7,6,8,16,20243
166769,373449000898,I.E. JUAN JOSÉ - SEDE PRINCIPAL,73449,MELGAR,TOLIMA,A,NO OFICIAL,FIN DE SEMANA,26,43,43,40,44,44,9,12,10,8,9,20243
116863,173483000083,I.E. GUSTAVO PERDOMO AVILA - SEDE PRINCIPAL,73483,NATAGAIMA,TOLIMA,A,OFICIAL,TARDE,28,45,42,37,39,41,7,8,7,6,7,20243
125088,173504000330,I.E. JHON F KENNEDY - SEDE PRINCIPAL,73504,ORTEGA,TOLIMA,A,OFICIAL,MAÑANA,33,47,49,44,47,47,9,12,10,9,9,20243
65326,273563000534,I.E. JOSE CELESTINO MUTIS - SEDE PRINCIPAL,73563,PRADO,TOLIMA,A,OFICIAL,MAÑANA,25,43,42,39,41,42,8,9,9,8,9,20243
144295,273217000455,I.E. TOTARCO DINDE - SEDE PRINCIPAL,73217,COYAIMA,TOLIMA,A,OFICIAL,MAÑANA,22,42,42,39,41,39,9,10,8,9,8,20243
68718,273547000192,INSTITUCION EDUCATIVA DOIMA  - SEDE PRINCIPAL,73547,PIEDRAS,TOLIMA,A,OFICIAL,MAÑANA,23,49,49,43,47,45,8,10,9,8,9,20243
146779,273217001214,CHENCHE BUENOS AIRES,73217,COYAIMA,TOLIMA,A,OFICIAL,MAÑANA,16,40,36,39,39,40,7,9,8,4,6,20243
124594,373001008286,COL SAN ISIDRO LABRADOR,73001,IBAGUÉ,TOLIMA,A,NO OFICIAL,COMPLETA,26,61,64,59,61,64,8,9,10,8,11,20243
82941,373168003626,COL DE EDUC BAS SEC Y MEDIA ACAD HEISENBERG,73168,CHAPARRAL,TOLIMA,A,NO OFICIAL,FIN DE SEMANA,36,45,40,39,42,38,9,10,11,7,9,20243
15792,373001000391,COLEGIO LA PRESENTACION,73001,IBAGUÉ,TOLIMA,A,NO OFICIAL,COMPLETA,47,62,61,59,60,71,7,9,10,10,11,20243
116533,273319000379,I.E. MERCEDES CAPILLA - SEDE PRINCIPAL,73319,GUAMO,TOLIMA,A,OFICIAL,MAÑANA,16,47,45,40,43,48,7,13,9,10,7,20243
45641,273483000851,I.E.T. ANCHIQUE - SEDE PRINCIPAL,73483,NATAGAIMA,TOLIMA,A,OFICIAL,MAÑANA,10,46,37,42,42,40,10,13,11,9,6,20243
133595,173001002475,SEDE 1 MIGUEL DE CERVANTES SAAVEDRA,73001,IBAGUÉ,TOLIMA,A,OFICIAL,FIN DE SEMANA,47,48,45,43,45,44,9,9,9,7,8,20243
150987,173001010427,MODELIA,73001,IBAGUÉ,TOLIMA,A,OFICIAL,MAÑANA,50,51,47,46,46,44,9,12,12,9,10,20243
135293,273001007501,COL NUESTRA SEÑORA DEL CARMEN,73001,IBAGUÉ,TOLIMA,A,NO OFICIAL,MAÑANA,23,54,50,46,48,51,11,13,11,8,13,20243
190603,373001010931,LICEO LA PAZ,73001,IBAGUÉ,TOLIMA,A,NO OFICIAL,FIN DE SEMANA,14,50,45,43,44,45,11,10,12,10,14,20243
191882,373319001256,"INSTITUTO SERVICIO EDUCATIVO NACIONAL DE ADULTOS ""SENDAS"" - SEDE PRINCIPAL",73319,GUAMO,TOLIMA,A,NO OFICIAL,FIN DE SEMANA,3,46,40,40,39,39,12,5,1,6,3,20243
194373,373283001599,INSTITUCION EDUCATIVA EDUCAR SIGLO XXI - SEDE PRINCIPAL,73283,FRESNO,TOLIMA,A,NO OFICIAL,FIN DE SEMANA,27,46,43,40,43,41,9,9,8,6,8,20243
129221,173001002467,SEDE 1 SAN LUIS GONZAGA,73001,IBAGUÉ,TOLIMA,A,OFICIAL,MAÑANA,24,54,53,50,50,49,9,11,13,9,12,20243
164541,273001011185,CURAL LA TIGRERA,73001,IBAGUÉ,TOLIMA,A,OFICIAL,FIN DE SEMANA,14,44,40,39,42,42,8,10,11,5,9,20243
87254,373001010892,COL DE BACHILLERATO ACDEMICO ROSARISTA,73001,IBAGUÉ,TOLIMA,A,NO OFICIAL,MAÑANA,23,59,57,54,54,59,7,8,10,10,9,20243
146605,173555000601,I.E. SANTO DOMINGO SAVIO - SEDE PRINCIPAL,73555,PLANADAS,TOLIMA,A,OFICIAL,MAÑANA,36,50,50,46,47,47,9,10,11,8,11,20243
193318,373001010485,CENTRO DE ESTUDIOS PROTEA - SEDE PRINCIPAL,73001,IBAGUÉ,TOLIMA,A,NO OFICIAL,MAÑANA,17,51,49,40,45,45,8,9,6,7,7,20243
660043,173408000469,I.E.T MINUTO DE DIOS FE Y ALEGRIA - SEDE PRINCIPAL,73408,LÉRIDA,TOLIMA,A,OFICIAL,FIN DE SEMANA,27,45,41,41,42,43,8,10,10,8,8,20243
658542,273217000901,DOYARE ESMERALDA,73217,COYAIMA,TOLIMA,A,OFICIAL,MAÑANA,11,39,36,34,37,38,6,7,5,4,7,20243
264929,173854000014,I.E. JUAN LASSO DE LA VEGA - SEDE PRINCIPAL,73854,VALLE DE SAN JUAN,TOLIMA,A,OFICIAL,MAÑANA,32,48,48,43,48,45,7,8,9,8,7,20243
549428,273585000678,VILLA ESPERANZA,73585,PURIFICACIÓN,TOLIMA,A,OFICIAL,MAÑANA,3,43,41,41,44,40,10,17,14,13,5,20243
694430,273622000683,I.E.T. LA VOZ DE LA TIERRA - SEDE PRINCIPAL,73622,RONCESVALLES,TOLIMA,A,OFICIAL,ÚNICA,32,49,50,44,50,46,7,9,9,7,7,20243
627935,373449000847,GIMNASIO MODERNO AMERICANO - SEDE PRINCIPAL,73449,MELGAR,TOLIMA,A,NO OFICIAL,MAÑANA,17,56,59,55,54,65,10,10,9,10,11,20243
709741,373043800001,INSTITUCION EDUCATIVA JOSE ACEVEDO Y GOMEZ - SEDE PRINCIPAL,73043,ANZOÁTEGUI,TOLIMA,A,NO OFICIAL,FIN DE SEMANA,11,47,39,41,40,42,7,11,9,7,13,20243
627794,373319000268,LIC ANTONIO BUENAVENTURA,73319,GUAMO,TOLIMA,A,NO OFICIAL,MAÑANA,12,54,51,47,51,51,10,14,10,9,10,20243
751073,273001011185,CURAL LA TIGRERA,73001,IBAGUÉ,TOLIMA,A,OFICIAL,ÚNICA,7,49,52,52,54,50,11,15,13,9,6,20243
740258,273067000796,CANOAS SAN ROQUE,73067,ATACO,TOLIMA,A,OFICIAL,ÚNICA,4,52,47,49,40,44,7,7,12,5,3,20243
752006,373411002242,INSTITUCION EDUCATIVA SYSDATEC BACHILLERATO POR CICLOS - SEDE PRINCIPAL,73411,LÍBANO,TOLIMA,A,NO OFICIAL,TARDE,9,45,45,42,41,42,8,7,8,6,6,20243
722678,273555000398,I.E.T NASAWE´SX FI´ZÑI - SEDE PRINCIPAL,73555,PLANADAS,TOLIMA,A,OFICIAL,ÚNICA,16,41,40,36,40,39,8,7,9,7,12,20243
743229,273678000384,I.E.T. COMERCIAL SAN JUAN BOSCO - SEDE PRINCIPAL,73678,SAN LUIS,TOLIMA,A,OFICIAL,ÚNICA,19,51,48,47,48,49,11,10,12,10,8,20243
748442,173671800011,URBANA ANTIGUA,73671,SALDAÑA,TOLIMA,A,OFICIAL,NOCTURNA,2,46,47,40,47,43,1,4,5,5,6,20243
747055,273504000270,I.E.T. OLAYA HERRERA - SEDE PRINCIPAL,73504,ORTEGA,TOLIMA,A,OFICIAL,ÚNICA,28,50,48,45,47,46,9,11,10,9,9,20243
748327,173001006322,SEDE 1 SIMON BOLIVAR,73001,IBAGUÉ,TOLIMA,A,OFICIAL,ÚNICA,44,56,54,52,53,54,8,10,10,7,10,20243
719989,173001010842,SEDE 1 CIUDAD DE IBAGUE,73001,IBAGUÉ,TOLIMA,A,OFICIAL,ÚNICA,117,52,50,47,48,48,9,11,10,9,10,20243
761544,273616001431,SANTAFE,73616,RIOBLANCO,TOLIMA,A,OFICIAL,ÚNICA,7,50,48,47,46,41,10,14,11,11,4,20243
781583,273616001422,LAS DELICIAS,73616,RIOBLANCO,TOLIMA,A,OFICIAL,ÚNICA,2,45,39,41,43,37,18,25,17,11,10,20243
726604,273624001261,I.E.T FELIPE SALAME - SEDE PRINCIPAL,73624,ROVIRA,TOLIMA,A,OFICIAL,ÚNICA,11,50,51,45,46,44,9,12,9,9,7,20243
726737,273168000720,SAN JOSE HERMOSAS,73168,CHAPARRAL,TOLIMA,A,OFICIAL,ÚNICA,7,45,42,41,42,38,12,7,13,11,11,20243
719948,373268001639,INST SERV EDUC NAL DE ADULTOS SENDAS,73268,ESPINAL,TOLIMA,A,NO OFICIAL,FIN DE SEMANA,9,47,39,37,39,39,7,5,3,5,7,20243
733840,273268001120,I.E.T. SAN LUIS GONZAGA - SEDE PRINCIPAL,73268,ESPINAL,TOLIMA,A,OFICIAL,ÚNICA,59,49,49,42,47,46,9,11,9,9,10,20243
742528,473555000958,CONC DE DESARR RUR PLANADAS,73555,PLANADAS,TOLIMA,A,OFICIAL,ÚNICA,16,46,41,44,43,41,10,12,10,8,7,20243
745281,173001003684,SEDE 1  ALBERTO SANTOFIMIO CAICEDO,73001,IBAGUÉ,TOLIMA,A,OFICIAL,ÚNICA,62,53,54,47,52,49,9,11,12,10,9,20243
748301,173055000044,I.E.T. INSTITUTO ARMERO - SEDE PRINCIPAL,73055,ARMERO,TOLIMA,A,OFICIAL,ÚNICA,45,51,51,47,47,52,10,12,11,8,13,20243
736355,273624000389,I.E. LA LUISA - SEDE PRINCIPAL,73624,ROVIRA,TOLIMA,A,OFICIAL,ÚNICA,25,47,46,44,47,42,8,7,10,7,7,20243
765891,273870000371,I.E. PAVAS - SEDE PRINCIPAL,73870,VILLAHERMOSA,TOLIMA,A,OFICIAL,ÚNICA,9,49,44,42,48,40,8,11,12,8,4,20243
806893,173555000601,I.E. SANTO DOMINGO SAVIO - SEDE PRINCIPAL,73555,PLANADAS,TOLIMA,A,OFICIAL,FIN DE SEMANA,23,47,44,42,43,41,10,9,9,8,6,20243
104174,273352000163,I.E. FRANCISCO SAENZ - SEDE PRINCIPAL,73352,ICONONZO,TOLIMA,A,OFICIAL,MAÑANA,18,43,42,40,41,42,9,8,7,8,7,20243
16113,173268000137,I.E. SAN ISIDORO - SEDE PRINCIPAL,73268,ESPINAL,TOLIMA,A,OFICIAL,MAÑANA,122,53,50,47,49,48,10,11,10,8,9,20243
52753,173001006331,SEDE 1 JOSE CELESTINO MUTIS,73001,IBAGUÉ,TOLIMA,A,OFICIAL,TARDE,19,52,48,47,47,47,9,8,10,8,7,20243
42952,173443000277,I.E.T. MORENO Y ESCANDON - SEDE PRINCIPAL,73443,SAN SEBASTIÁN DE MARIQUITA,TOLIMA,A,OFICIAL,NOCTURNA,4,47,45,47,50,56,10,16,14,8,22,20243
121327,173671000201,I.E. CENTRAL - SEDE PRINCIPAL,73671,SALDAÑA,TOLIMA,A,OFICIAL,MAÑANA,82,48,47,43,44,44,10,10,10,8,9,20243
16436,173443000021,I.E. SANTA ANA - SEDE PRINCIPAL,73443,SAN SEBASTIÁN DE MARIQUITA,TOLIMA,A,OFICIAL,MAÑANA,67,61,64,59,58,60,8,11,10,9,10,20243
16303,173352000037,I.E. NORMAL SUPERIOR - SEDE PRINCIPAL,73352,ICONONZO,TOLIMA,A,OFICIAL,MAÑANA,55,49,48,45,46,47,9,10,11,9,10,20243
68734,173001002327,SEDE 1 JOSE ANTONIO RICAURTE,73001,IBAGUÉ,TOLIMA,A,OFICIAL,NOCTURNA,19,49,43,43,42,45,11,10,9,9,8,20243
47951,273124000498,I.E. ANAIME - SEDE PRINCIPAL,73124,CAJAMARCA,TOLIMA,A,OFICIAL,MAÑANA,21,52,50,47,50,46,9,12,11,8,10,20243
145318,273504000920,I.E. ALTOZANO - SEDE PRINCIPAL,73504,ORTEGA,TOLIMA,A,OFICIAL,MAÑANA,9,44,46,40,43,37,8,10,5,6,7,20243
144352,273675000839,I.E. SAN JOSE DE TETUÁN - SEDE PRINCIPAL,73675,SAN ANTONIO,TOLIMA,A,OFICIAL,MAÑANA,11,56,53,51,49,46,8,11,14,9,8,20243
121384,273001002658,SEDE 1 SAN BERNARDO,73001,IBAGUÉ,TOLIMA,A,OFICIAL,MAÑANA,16,53,47,45,46,43,10,11,11,11,9,20243
87239,273001002844,SEDE 1 ANTONIO NARIÑO,73001,IBAGUÉ,TOLIMA,A,OFICIAL,MAÑANA,28,50,49,42,49,46,8,8,10,6,7,20243
16410,373411000185,FUNDACION COLEGIO SAN ANTONIO MARIA CLARET (COL),73411,LÍBANO,TOLIMA,A,NO OFICIAL,COMPLETA,27,62,64,56,59,63,7,9,8,8,11,20243
52803,373483000724,COL  ALFONSO REYES ECHANDIA,73483,NATAGAIMA,TOLIMA,A,NO OFICIAL,COMPLETA,14,59,57,55,54,56,8,11,7,8,15,20243
138669,373001011104,COL COMFATOLIMA,73001,IBAGUÉ,TOLIMA,A,NO OFICIAL,COMPLETA,95,60,59,55,59,58,8,12,11,10,10,20243
57679,373275000028,COLEGIO LICEO LOS ANGELES,73275,FLANDES,TOLIMA,A,NO OFICIAL,MAÑANA,17,54,50,48,46,51,9,10,10,10,11,20243
15859,173001000367,SEDE 1 LICEO NACIONAL,73001,IBAGUÉ,TOLIMA,A,OFICIAL,TARDE,77,58,59,54,57,56,8,10,11,9,11,20243
15644,173001002173,SEDE 1 BOYACA,73001,IBAGUÉ,TOLIMA,A,OFICIAL,NOCTURNA,8,43,38,35,40,42,10,10,8,8,7,20243
15883,373001000081,COLEGIO MARÍA INMACULADA,73001,IBAGUÉ,TOLIMA,A,NO OFICIAL,COMPLETA,50,65,64,62,61,69,8,9,9,9,9,20243
196816,273067001148,CAMPO HERMOSO,73067,ATACO,TOLIMA,A,OFICIAL,MAÑANA,7,47,44,43,45,42,7,11,8,6,9,20243
196824,273067001849,CASCARILLO ALT0,73067,ATACO,TOLIMA,A,OFICIAL,MAÑANA,17,46,43,40,42,38,7,8,6,6,6,20243
170027,373168003375,LIC SANTA TERESITA DEL NI¥O JESUS,73168,CHAPARRAL,TOLIMA,A,NO OFICIAL,MAÑANA,16,64,63,62,62,68,4,9,8,11,7,20243
93005,173001010109,I.E. SAN JOSÉ - SDE PRINCIPAL,73001,IBAGUÉ,TOLIMA,A,OFICIAL,NOCTURNA,22,45,44,41,42,43,10,10,10,8,8,20243
121921,173001008945,RAICES DEL FUTURO,73001,IBAGUÉ,TOLIMA,A,OFICIAL,MAÑANA,64,52,50,46,47,49,10,10,10,8,9,20243
186403,373001011058,INSTITUTO EDUC MORIAH,73001,IBAGUÉ,TOLIMA,A,NO OFICIAL,COMPLETA,24,60,57,56,56,57,8,8,8,8,16,20243
195180,273168002277,I.E. LA RISALDA - SEDE PRINCIPAL,73168,CHAPARRAL,TOLIMA,A,OFICIAL,FIN DE SEMANA,8,42,36,39,40,36,10,9,6,6,7,20243
148627,173275000118,I.E. MANUELA OMAÑA - SEDE PRINCIPAL,73275,FLANDES,TOLIMA,A,OFICIAL,TARDE,18,43,39,34,41,43,7,11,6,7,8,20243
543165,273268000476,I.E. DINDALITO CENTRO - SEDE PRINCIPAL,73268,ESPINAL,TOLIMA,A,OFICIAL,MAÑANA,12,51,45,46,47,53,8,11,10,10,7,20243
659169,273504000636,CEDRALES PERALONSO,73504,ORTEGA,TOLIMA,A,OFICIAL,TARDE,17,47,44,42,44,42,7,12,9,8,8,20243
659219,273504000423,MESONES,73504,ORTEGA,TOLIMA,A,OFICIAL,MAÑANA,5,42,43,40,46,38,4,8,3,5,9,20243
551564,273675000138,LOMA LARGA,73675,SAN ANTONIO,TOLIMA,A,OFICIAL,MAÑANA,7,53,42,46,48,46,10,6,11,8,5,20243
547141,273504000377,NICOLAS RAMIREZ,73504,ORTEGA,TOLIMA,A,OFICIAL,MAÑANA,5,42,37,33,41,42,6,7,2,5,6,20243
706127,373585001393,COLEGIO DE BACHILLERATO POR CICLOS CENTEC  - SEDE PRINCIPAL,73585,PURIFICACIÓN,TOLIMA,A,NO OFICIAL,FIN DE SEMANA,3,50,44,33,42,45,7,4,11,5,6,20243
733782,273001007374,SEDE 1 SAN JUAN DE LA CHINA,73001,IBAGUÉ,TOLIMA,A,OFICIAL,ÚNICA,11,53,47,48,50,44,6,8,7,7,9,20243
735498,173001002467,SEDE 1 SAN LUIS GONZAGA,73001,IBAGUÉ,TOLIMA,A,OFICIAL,FIN DE SEMANA,31,48,44,39,43,43,9,8,7,7,9,20243
732966,373411800009,INSTITUTO CAMPESTRE CIENCIA Y SABER S.A.S. - SEDE PRINCIPAL,73411,LÍBANO,TOLIMA,A,NO OFICIAL,FIN DE SEMANA,15,46,42,39,40,41,9,10,9,9,8,20243
749259,273283001047,LAS MARIAS,73283,FRESNO,TOLIMA,A,OFICIAL,ÚNICA,12,50,47,46,46,45,10,8,11,8,8,20243
739250,273030000192,I.E.T. EL DANUBIO - SEDE PRINCIPAL,73030,AMBALEMA,TOLIMA,A,OFICIAL,ÚNICA,8,44,46,38,40,41,4,8,5,3,6,20243
740191,273067001938,LA NUEVA REFORMA,73067,ATACO,TOLIMA,A,OFICIAL,ÚNICA,6,50,49,45,42,41,5,8,11,6,3,20243
752543,173349000034,I.E. ALFONSO LOPEZ PUMAREJO - SEDE PRINCIPAL,73349,HONDA,TOLIMA,A,OFICIAL,ÚNICA,23,52,47,46,47,46,10,11,10,8,9,20243
725127,273283001365,LA PICOTA,73283,FRESNO,TOLIMA,A,OFICIAL,ÚNICA,13,50,54,45,50,49,6,10,8,6,6,20243
741264,173347000011,I.E.T. MARCO FIDEL SUAREZ - SEDE PRINCIPAL,73347,HERVEO,TOLIMA,A,OFICIAL,ÚNICA,28,56,54,51,49,47,9,9,9,10,11,20243
714709,173001011679,SEDE 1 JOAQUIN PARIS,73001,IBAGUÉ,TOLIMA,A,OFICIAL,ÚNICA,98,55,51,49,51,52,9,11,11,10,13,20243
740134,273226001421,I.E.T LA AURORA - SEDE PRINCIPAL,73226,CUNDAY,TOLIMA,A,OFICIAL,ÚNICA,21,52,50,48,50,43,8,11,10,10,9,20243
784314,273168001793,EL J0RDAN,73168,CHAPARRAL,TOLIMA,A,OFICIAL,ÚNICA,3,45,42,37,43,38,5,5,6,4,5,20243
719518,273686000261,I.E.T. BOLIVAR - SEDE PRINCIPAL,73686,SANTA ISABEL,TOLIMA,A,OFICIAL,ÚNICA,10,48,43,43,40,36,9,11,10,5,4,20243
738880,273168002803,INSTITUCION EDUCATIVA TECNICA CAMACHO ANGARITA - SEDE PRINCIPAL,73168,CHAPARRAL,TOLIMA,A,OFICIAL,ÚNICA,3,57,61,57,53,56,10,11,6,10,11,20243
782193,173770000035,GARZON Y COLLAZOS,73770,SUÁREZ,TOLIMA,A,OFICIAL,TARDE,35,47,41,41,43,47,9,13,9,8,8,20243
742643,273200000095,I.E.T. LA VEGA DE LOS PADRES - SEDE PRINCIPAL,73200,COELLO,TOLIMA,A,OFICIAL,ÚNICA,7,40,45,39,44,43,8,12,12,9,9,20243
755702,173001004656,SAN PEDRO ALEJANDRINO,73001,IBAGUÉ,TOLIMA,A,OFICIAL,ÚNICA,23,51,51,43,48,46,8,10,7,7,6,20243
772814,273352000279,MUNDO NUEVO,73352,ICONONZO,TOLIMA,A,OFICIAL,ÚNICA,7,46,50,45,46,44,9,10,9,6,8,20243
719245,173001005351,SEDE 1 CIUDAD ARKALA,73001,IBAGUÉ,TOLIMA,A,OFICIAL,FIN DE SEMANA,38,47,44,39,41,43,8,10,8,7,10,20243
723635,373067800029,SENDEROS DE PAZ - SEDE PRINCIPAL,73067,ATACO,TOLIMA,A,NO OFICIAL,FIN DE SEMANA,18,44,38,36,39,40,10,9,8,6,11,20243
749366,173001005733,SEDE 1 ANTONIO REYES UMAÑA,73001,IBAGUÉ,TOLIMA,A,OFICIAL,ÚNICA,47,50,46,45,46,47,10,10,10,9,10,20243
740233,273236000288,I.E.T. SAN JOSE - SEDE PRINCIPAL,73236,DOLORES,TOLIMA,A,OFICIAL,ÚNICA,16,53,53,49,49,48,9,11,11,9,6,20243
734459,173168000113,I.E.T. MEDALLA MILAGROSA - SEDE PRINCIPAL,73168,CHAPARRAL,TOLIMA,A,OFICIAL,ÚNICA,85,56,54,50,52,51,9,8,11,9,10,20243
734533,173001004303,SEDE 1  GERMAN PARDO,73001,IBAGUÉ,TOLIMA,A,OFICIAL,ÚNICA,74,52,50,45,50,51,8,9,11,9,9,20243